phase,attempt_started_at,elapsed_seconds,device_used_mib,gpu_utilization_percent,board_power_w,temperature_c
training,2026-10-06T00:41:08.299658+00:00,0.4340488091111183,0.0,0.0,32.94,40.0
training,2026-10-06T00:41:08.299658+00:00,5.812756724655628,769.0,0.0,46.68,40.0
training,2026-10-06T00:41:08.299658+00:00,11.178681254386902,1275.0,0.0,81.33,40.0
training,2026-10-06T00:41:08.299658+00:00,16.527036994695663,4751.0,2.0,89.7,41.0
training,2026-10-06T00:41:08.299658+00:00,21.86442444473505,7677.0,89.0,195.05,43.0
training,2026-10-06T00:41:08.299658+00:00,27.21383808553219,6357.0,0.0,121.22,40.0
training,2026-10-06T00:41:08.299658+00:00,32.57558324933052,6101.0,0.0,81.3,40.0
training,2026-10-06T00:41:08.299658+00:00,37.915825337171555,6239.0,0.0,94.82,40.0
training,2026-10-06T00:41:08.299658+00:00,43.302607111632824,3475.0,0.0,123.56,41.0
training,2026-10-06T00:41:08.299658+00:00,48.68587193638086,11141.0,98.0,298.32,47.0
training,2026-10-06T00:41:08.299658+00:00,54.08594469726086,11141.0,97.0,288.55,50.0
training,2026-10-06T00:41:08.299658+00:00,59.50435494631529,11141.0,97.0,274.28,52.0
training,2026-10-06T00:41:08.299658+00:00,64.94161103665829,11141.0,88.0,254.1,53.0
training,2026-10-06T00:41:08.299658+00:00,70.30849052220583,11141.0,99.0,288.48,57.0
training,2026-10-06T00:41:08.299658+00:00,75.70491051673889,11141.0,98.0,294.25,57.0
training,2026-10-06T00:41:08.299658+00:00,81.07772725820541,11141.0,99.0,299.81,57.0
training,2026-10-06T00:41:08.299658+00:00,86.47204177081585,11141.0,97.0,287.98,60.0
training,2026-10-06T00:41:08.299658+00:00,91.83993665128946,11141.0,89.0,302.56,59.0
training,2026-10-06T00:41:08.299658+00:00,97.23872628062963,11141.0,97.0,285.76,59.0
training,2026-10-06T00:41:08.299658+00:00,102.65831572562456,11141.0,90.0,304.89,61.0
training,2026-10-06T00:41:08.299658+00:00,108.06622888147831,11141.0,97.0,322.55,61.0
training,2026-10-06T00:41:08.299658+00:00,113.46471852809191,11141.0,82.0,305.81,61.0
training,2026-10-06T00:41:08.299658+00:00,118.84155937284231,11141.0,0.0,260.8,57.0
training,2026-10-06T00:41:08.299658+00:00,124.25263757258654,11141.0,97.0,316.11,64.0
training,2026-10-06T00:41:08.299658+00:00,129.57143431156874,11141.0,99.0,315.08,66.0
training,2026-10-06T00:41:08.299658+00:00,134.9486773237586,11141.0,98.0,299.96,67.0
training,2026-10-06T00:41:08.299658+00:00,140.34314359724522,11141.0,97.0,303.59,64.0
training,2026-10-06T00:41:08.299658+00:00,145.7452371791005,11141.0,83.0,311.04,65.0
training,2026-10-06T00:41:08.299658+00:00,151.1174764186144,11141.0,97.0,307.36,66.0
training,2026-10-06T00:41:08.299658+00:00,156.49656814336777,11141.0,98.0,309.66,68.0
training,2026-10-06T00:41:08.299658+00:00,161.8888680934906,11141.0,98.0,292.21,65.0
training,2026-10-06T00:41:08.299658+00:00,167.2943261116743,11141.0,98.0,285.36,66.0
training,2026-10-06T00:41:08.299658+00:00,172.6720036715269,11141.0,97.0,309.91,67.0
training,2026-10-06T00:41:08.299658+00:00,178.05971157550812,11141.0,98.0,297.66,68.0
training,2026-10-06T00:41:08.299658+00:00,183.45549972355366,11141.0,98.0,279.69,66.0
training,2026-10-06T00:41:08.299658+00:00,188.83709006011486,11141.0,98.0,299.45,66.0
training,2026-10-06T00:41:08.299658+00:00,194.19733710587025,11141.0,92.0,290.29,70.0
training,2026-10-06T00:41:08.299658+00:00,199.59612538665533,11141.0,100.0,294.58,67.0
training,2026-10-06T00:41:08.299658+00:00,205.02060168236494,11141.0,93.0,286.21,66.0
training,2026-10-06T00:41:08.299658+00:00,210.40118316560984,11141.0,98.0,258.22,68.0
training,2026-10-06T00:41:08.299658+00:00,215.79466074705124,11141.0,96.0,289.3,68.0
training,2026-10-06T00:41:08.299658+00:00,221.18790613114834,11141.0,81.0,291.24,69.0
training,2026-10-06T00:41:08.299658+00:00,226.57258889079094,11141.0,99.0,309.84,71.0
training,2026-10-06T00:41:08.299658+00:00,231.94599011540413,11141.0,94.0,321.69,69.0
training,2026-10-06T00:41:08.299658+00:00,237.34648516774178,11141.0,97.0,307.77,68.0
training,2026-10-06T00:41:08.299658+00:00,242.69635578244925,11141.0,93.0,316.91,69.0
training,2026-10-06T00:41:08.299658+00:00,248.10115171968937,11141.0,83.0,301.75,69.0
training,2026-10-06T00:41:08.299658+00:00,253.51600065082312,11141.0,98.0,286.03,69.0
training,2026-10-06T00:41:08.299658+00:00,258.92296805232763,11141.0,89.0,303.26,67.0
training,2026-10-06T00:41:08.299658+00:00,264.2807461693883,11141.0,98.0,311.69,69.0
training,2026-10-06T00:41:08.299658+00:00,269.6960858851671,11141.0,79.0,293.81,70.0
training,2026-10-06T00:41:08.299658+00:00,275.09248880296946,11141.0,96.0,303.1,68.0
training,2026-10-06T00:41:08.299658+00:00,280.4600401967764,11141.0,65.0,310.96,70.0
training,2026-10-06T00:41:08.299658+00:00,285.84042336791754,11141.0,83.0,292.85,71.0
training,2026-10-06T00:41:08.299658+00:00,291.2624681442976,11141.0,98.0,303.02,68.0
training,2026-10-06T00:41:08.299658+00:00,296.62306198477745,11141.0,90.0,285.64,69.0
training,2026-10-06T00:41:08.299658+00:00,302.011441744864,11141.0,99.0,267.79,67.0
training,2026-10-06T00:41:08.299658+00:00,307.4315506145358,11141.0,83.0,276.4,68.0
training,2026-10-06T00:41:08.299658+00:00,312.8020279929042,11141.0,98.0,304.39,69.0
training,2026-10-06T00:41:08.299658+00:00,318.1642497628927,11141.0,98.0,309.05,68.0
training,2026-10-06T00:41:08.299658+00:00,323.55129388719797,11141.0,97.0,315.36,69.0
training,2026-10-06T00:41:08.299658+00:00,328.9627643227577,11141.0,99.0,298.35,71.0
training,2026-10-06T00:41:08.299658+00:00,334.4356511980295,11141.0,84.0,298.23,68.0
training,2026-10-06T00:41:08.299658+00:00,339.8257254436612,11141.0,98.0,304.22,67.0
training,2026-10-06T00:41:08.299658+00:00,345.2008003219962,11141.0,97.0,276.91,70.0
training,2026-10-06T00:41:08.299658+00:00,350.58336854726076,11141.0,98.0,281.82,69.0
training,2026-10-06T00:41:08.299658+00:00,355.97684060782194,11141.0,97.0,274.02,68.0
training,2026-10-06T00:41:08.299658+00:00,361.3527372032404,11141.0,87.0,309.79,70.0
training,2026-10-06T00:41:08.299658+00:00,366.7658982053399,11141.0,71.0,304.07,68.0
training,2026-10-06T00:41:08.299658+00:00,372.1440601795912,11141.0,96.0,303.19,69.0
training,2026-10-06T00:41:08.299658+00:00,377.5235989391804,11141.0,89.0,305.01,69.0
training,2026-10-06T00:41:08.299658+00:00,382.9388231188059,11141.0,97.0,291.88,67.0
training,2026-10-06T00:41:08.299658+00:00,388.33261865377426,15135.0,100.0,313.7,69.0
training,2026-10-06T00:41:08.299658+00:00,393.70568965375423,15135.0,0.0,92.21,61.0
training,2026-10-06T00:41:08.299658+00:00,399.11434753239155,15135.0,0.0,89.25,58.0
training,2026-10-06T00:41:08.299658+00:00,404.4788958504796,15135.0,93.0,309.94,65.0
training,2026-10-06T00:41:08.299658+00:00,409.87282068282366,15135.0,99.0,302.44,66.0
training,2026-10-06T00:41:08.299658+00:00,415.28592812269926,15135.0,97.0,292.35,66.0
training,2026-10-06T00:41:08.299658+00:00,420.6768206357956,15135.0,97.0,291.4,68.0
training,2026-10-06T00:41:08.299658+00:00,426.0359853580594,15135.0,95.0,314.86,70.0
training,2026-10-06T00:41:08.299658+00:00,431.45018231123686,15135.0,91.0,268.57,68.0
training,2026-10-06T00:41:08.299658+00:00,436.8508158251643,15135.0,97.0,294.71,68.0
training,2026-10-06T00:41:08.299658+00:00,442.27142161875963,15135.0,98.0,292.3,68.0
training,2026-10-06T00:41:08.299658+00:00,447.70634327828884,15135.0,5.0,283.61,64.0
training,2026-10-06T00:41:08.299658+00:00,453.071110509336,15135.0,97.0,314.47,70.0
training,2026-10-06T00:41:08.299658+00:00,458.4916837140918,15135.0,97.0,323.26,68.0
training,2026-10-06T00:41:08.299658+00:00,463.90861385315657,15135.0,93.0,294.91,69.0
training,2026-10-06T00:41:08.299658+00:00,469.29223984479904,15135.0,98.0,308.85,67.0
training,2026-10-06T00:41:08.299658+00:00,474.7161591053009,15135.0,100.0,308.1,69.0
training,2026-10-06T00:41:08.299658+00:00,480.0704983100295,15135.0,99.0,292.65,69.0
training,2026-10-06T00:41:08.299658+00:00,485.48002207279205,15135.0,82.0,301.61,68.0
training,2026-10-06T00:41:08.299658+00:00,490.86578726023436,15135.0,91.0,301.99,69.0
training,2026-10-06T00:41:08.299658+00:00,496.2813473790884,15135.0,98.0,289.03,69.0
training,2026-10-06T00:41:08.299658+00:00,501.64303397387266,15135.0,99.0,295.74,69.0
training,2026-10-06T00:41:08.299658+00:00,507.07137662917376,15135.0,83.0,286.61,69.0
training,2026-10-06T00:41:08.299658+00:00,512.4278954789042,15135.0,84.0,304.8,68.0
training,2026-10-06T00:41:08.299658+00:00,517.7080774158239,15135.0,87.0,305.89,68.0
training,2026-10-06T00:41:08.299658+00:00,523.0396396592259,15135.0,99.0,304.59,68.0
training,2026-10-06T00:41:08.299658+00:00,528.3488742262125,15135.0,93.0,319.22,69.0
training,2026-10-06T00:41:08.299658+00:00,533.7546129524708,15135.0,98.0,316.32,68.0
training,2026-10-06T00:41:08.299658+00:00,539.1236981973052,15135.0,0.0,260.66,63.0
training,2026-10-06T00:41:08.299658+00:00,544.4709935635328,15135.0,98.0,303.6,67.0
training,2026-10-06T00:41:08.299658+00:00,549.7861141487956,15135.0,98.0,312.45,68.0
training,2026-10-06T00:41:08.299658+00:00,555.1652406230569,15135.0,91.0,294.65,68.0
training,2026-10-06T00:41:08.299658+00:00,560.5064765959978,15135.0,97.0,299.57,69.0
training,2026-10-06T00:41:08.299658+00:00,565.8361388370395,15135.0,91.0,306.47,69.0
training,2026-10-06T00:41:08.299658+00:00,571.1750820726156,15135.0,98.0,284.77,68.0
training,2026-10-06T00:41:08.299658+00:00,576.5738308355212,15135.0,98.0,294.55,69.0
training,2026-10-06T00:41:08.299658+00:00,581.9751168936491,15135.0,95.0,297.35,69.0
training,2026-10-06T00:41:08.299658+00:00,587.3614517450333,15135.0,98.0,303.41,69.0
training,2026-10-06T00:41:08.299658+00:00,592.7551909536123,15135.0,98.0,306.7,67.0
training,2026-10-06T00:41:08.299658+00:00,598.1089076697826,15135.0,93.0,302.75,68.0
training,2026-10-06T00:41:08.299658+00:00,603.4919271245599,15135.0,99.0,301.49,71.0
training,2026-10-06T00:41:08.299658+00:00,608.9348121955991,15135.0,95.0,326.83,70.0
training,2026-10-06T00:41:08.299658+00:00,614.3914490714669,15135.0,85.0,301.53,69.0
training,2026-10-06T00:41:08.299658+00:00,619.7856633961201,15135.0,98.0,304.6,69.0
training,2026-10-06T00:41:08.299658+00:00,625.2265431135893,15135.0,86.0,307.27,70.0
training,2026-10-06T00:41:08.299658+00:00,630.6829753890634,15135.0,99.0,268.27,70.0
training,2026-10-06T00:41:08.299658+00:00,636.1093400269747,15135.0,97.0,280.57,71.0
training,2026-10-06T00:41:08.299658+00:00,641.5005655512214,15135.0,98.0,301.03,71.0
training,2026-10-06T00:41:08.299658+00:00,646.9179846867919,15135.0,98.0,311.23,69.0
training,2026-10-06T00:41:08.299658+00:00,652.3361468613148,15135.0,98.0,290.66,69.0
training,2026-10-06T00:41:08.299658+00:00,657.7768591940403,15135.0,98.0,301.96,68.0
training,2026-10-06T00:41:08.299658+00:00,663.0923943668604,15135.0,99.0,311.34,69.0
training,2026-10-06T00:41:08.299658+00:00,668.5175838693976,15135.0,98.0,297.05,67.0
training,2026-10-06T00:41:08.299658+00:00,673.9649410992861,15135.0,99.0,287.24,70.0
training,2026-10-06T00:41:08.299658+00:00,679.4345237910748,15135.0,98.0,296.8,69.0
training,2026-10-06T00:41:08.299658+00:00,684.8105481564999,15135.0,92.0,312.43,65.0
training,2026-10-06T00:41:08.299658+00:00,690.1744818091393,15135.0,98.0,311.7,69.0
training,2026-10-06T00:41:08.299658+00:00,695.5292444825172,15135.0,98.0,310.17,69.0
training,2026-10-06T00:41:08.299658+00:00,700.9243733212352,15135.0,99.0,302.73,68.0
training,2026-10-06T00:41:08.299658+00:00,706.2512330338359,15135.0,78.0,315.01,69.0
training,2026-10-06T00:41:08.299658+00:00,711.6713374182582,15135.0,84.0,306.12,68.0
training,2026-10-06T00:41:08.299658+00:00,717.0178500786424,15135.0,3.0,229.02,62.0
training,2026-10-06T00:41:08.299658+00:00,722.4220199137926,15135.0,0.0,89.01,58.0
training,2026-10-06T00:41:08.299658+00:00,727.7985109984875,15135.0,72.0,115.59,58.0
training,2026-10-06T00:41:08.299658+00:00,733.1652487814426,15135.0,83.0,254.55,65.0
training,2026-10-06T00:41:08.299658+00:00,738.620194196701,15135.0,98.0,300.04,66.0
training,2026-10-06T00:41:08.299658+00:00,743.9799892604351,15135.0,96.0,312.13,67.0
training,2026-10-06T00:41:08.299658+00:00,749.3769993185997,15135.0,97.0,318.23,66.0
training,2026-10-06T00:41:08.299658+00:00,754.734044522047,15135.0,100.0,309.14,66.0
training,2026-10-06T00:41:08.299658+00:00,760.1787028685212,15135.0,0.0,91.97,60.0
training,2026-10-06T00:41:08.299658+00:00,765.5864341780543,15135.0,0.0,88.76,57.0
training,2026-10-06T00:41:08.299658+00:00,770.9958894699812,15135.0,97.0,168.46,62.0
training,2026-10-06T00:41:08.299658+00:00,776.3460200875998,15135.0,80.0,284.62,63.0
training,2026-10-06T00:41:08.299658+00:00,781.7903024554253,15135.0,87.0,288.61,64.0
training,2026-10-06T00:41:08.299658+00:00,787.1988110467792,15135.0,97.0,301.35,66.0
training,2026-10-06T00:41:08.299658+00:00,792.6282924115658,15135.0,99.0,289.88,65.0
training,2026-10-06T00:41:08.299658+00:00,798.0926279500127,15135.0,90.0,307.97,66.0
training,2026-10-06T00:41:08.299658+00:00,803.54284709692,15135.0,99.0,299.07,66.0
training,2026-10-06T00:41:08.299658+00:00,808.9762277975678,15135.0,98.0,280.7,69.0
training,2026-10-06T00:41:08.299658+00:00,814.5102664604783,15135.0,98.0,298.92,67.0
training,2026-10-06T00:41:08.299658+00:00,819.9443656429648,15135.0,98.0,301.97,68.0
training,2026-10-06T00:41:08.299658+00:00,825.3641962260008,15135.0,93.0,309.81,67.0
training,2026-10-06T00:41:08.299658+00:00,830.8280015289783,15135.0,98.0,292.7,68.0
training,2026-10-06T00:41:08.299658+00:00,836.2649597674608,15135.0,82.0,302.65,68.0
training,2026-10-06T00:41:08.299658+00:00,841.6412826627493,15135.0,100.0,313.08,69.0
training,2026-10-06T00:41:08.299658+00:00,847.0108456015587,15135.0,87.0,308.24,68.0
training,2026-10-06T00:41:08.299658+00:00,852.4109738618135,15135.0,98.0,300.82,66.0
training,2026-10-06T00:41:08.299658+00:00,857.7666544616222,15135.0,98.0,310.34,68.0
training,2026-10-06T00:41:08.299658+00:00,863.1226356327534,15135.0,97.0,301.4,69.0
training,2026-10-06T00:41:08.299658+00:00,868.4867498204112,15135.0,92.0,322.23,69.0
training,2026-10-06T00:41:08.299658+00:00,873.8927337676287,15135.0,99.0,290.71,70.0
training,2026-10-06T00:41:08.299658+00:00,879.3220310583711,15135.0,82.0,286.57,67.0
training,2026-10-06T00:41:08.299658+00:00,884.7263485714793,15135.0,99.0,283.72,69.0
training,2026-10-06T00:41:08.299658+00:00,890.133469350636,15135.0,99.0,301.49,68.0
training,2026-10-06T00:41:08.299658+00:00,895.4996390044689,15135.0,99.0,295.17,70.0
training,2026-10-06T00:41:08.299658+00:00,900.9184417575598,15135.0,90.0,309.74,68.0
training,2026-10-06T00:41:08.299658+00:00,906.3067535534501,15135.0,96.0,299.16,68.0
training,2026-10-06T00:41:08.299658+00:00,911.7151827663183,15135.0,96.0,302.06,69.0
training,2026-10-06T00:41:08.299658+00:00,917.0883734077215,15135.0,86.0,307.82,68.0
training,2026-10-06T00:41:08.299658+00:00,922.4494662284851,15135.0,89.0,297.12,68.0
training,2026-10-06T00:41:08.299658+00:00,927.8548471257091,15135.0,97.0,308.41,70.0
training,2026-10-06T00:41:08.299658+00:00,933.2533952742815,15135.0,99.0,309.04,68.0
training,2026-10-06T00:41:08.299658+00:00,938.6223419904709,15135.0,99.0,290.49,69.0
training,2026-10-06T00:41:08.299658+00:00,944.0226466730237,15135.0,97.0,304.85,69.0
training,2026-10-06T00:41:08.299658+00:00,949.4332844540477,15135.0,79.0,286.92,69.0
training,2026-10-06T00:41:08.299658+00:00,954.8156505003572,15135.0,98.0,296.87,69.0
training,2026-10-06T00:41:08.299658+00:00,960.1704161465168,15135.0,89.0,310.4,69.0
training,2026-10-06T00:41:08.299658+00:00,965.528392739594,15135.0,99.0,318.69,67.0
training,2026-10-06T00:41:08.299658+00:00,970.8913728669286,15135.0,79.0,260.66,67.0
training,2026-10-06T00:41:08.299658+00:00,976.288548886776,15135.0,98.0,306.66,70.0
training,2026-10-06T00:41:08.299658+00:00,981.6759747937322,15135.0,98.0,297.2,71.0
training,2026-10-06T00:41:08.299658+00:00,987.0820014998317,15135.0,98.0,273.08,71.0
training,2026-10-06T00:41:08.299658+00:00,992.4979542195797,15135.0,99.0,302.01,69.0
training,2026-10-06T00:41:08.299658+00:00,997.9004232138395,15135.0,98.0,300.42,70.0
training,2026-10-06T00:41:08.299658+00:00,1003.2997111007571,15135.0,98.0,307.57,70.0
training,2026-10-06T00:41:08.299658+00:00,1008.7370941117406,15135.0,81.0,295.89,69.0
training,2026-10-06T00:41:08.299658+00:00,1014.1248352155089,15135.0,98.0,308.33,69.0
training,2026-10-06T00:41:08.299658+00:00,1019.5166273713112,15135.0,83.0,317.54,71.0
training,2026-10-06T00:41:08.299658+00:00,1024.9155047908425,15135.0,98.0,298.01,69.0
training,2026-10-06T00:41:08.299658+00:00,1030.3113968074322,15135.0,98.0,311.04,68.0
training,2026-10-06T00:41:08.299658+00:00,1035.709285773337,15135.0,98.0,293.46,70.0
training,2026-10-06T00:41:08.299658+00:00,1041.0975697040558,15135.0,98.0,275.35,69.0
training,2026-10-06T00:41:08.299658+00:00,1046.448948457837,15135.0,76.0,310.9,69.0
training,2026-10-06T00:41:08.299658+00:00,1051.7933242097497,15135.0,91.0,297.13,70.0
training,2026-10-06T00:41:08.299658+00:00,1057.164987243712,15135.0,96.0,308.05,69.0
training,2026-10-06T00:41:08.299658+00:00,1062.5837506875396,15135.0,93.0,264.86,68.0
training,2026-10-06T00:41:08.299658+00:00,1067.9986724182963,15135.0,93.0,286.21,70.0
training,2026-10-06T00:41:08.299658+00:00,1073.4355606660247,15135.0,85.0,294.55,72.0
training,2026-10-06T00:41:08.299658+00:00,1078.8469217568636,15135.0,99.0,288.7,69.0
training,2026-10-06T00:41:08.299658+00:00,1084.2424827218056,15135.0,93.0,299.66,70.0
training,2026-10-06T00:41:08.299658+00:00,1089.651539877057,15135.0,99.0,317.88,69.0
training,2026-10-06T00:41:08.299658+00:00,1095.044236831367,15135.0,88.0,302.13,70.0
training,2026-10-06T00:41:08.299658+00:00,1100.4318352937698,15135.0,98.0,310.11,69.0
training,2026-10-06T00:41:08.299658+00:00,1105.8344170674682,15135.0,98.0,297.82,68.0
training,2026-10-06T00:41:08.299658+00:00,1111.1973928064108,15135.0,99.0,321.71,70.0
training,2026-10-06T00:41:08.299658+00:00,1116.621413089335,15135.0,3.0,137.77,62.0
training,2026-10-06T00:41:08.299658+00:00,1122.0171290636063,15135.0,0.0,90.32,59.0
training,2026-10-06T00:41:08.299658+00:00,1127.4352884963155,15135.0,98.0,313.31,66.0
training,2026-10-06T00:41:08.299658+00:00,1132.8138246759772,15135.0,98.0,308.79,65.0
training,2026-10-06T00:41:08.299658+00:00,1138.229125700891,15135.0,93.0,304.96,65.0
training,2026-10-06T00:41:08.299658+00:00,1143.614530518651,15135.0,97.0,284.86,66.0
training,2026-10-06T00:41:08.299658+00:00,1149.0877957716584,15135.0,98.0,311.47,68.0
training,2026-10-06T00:41:08.299658+00:00,1154.5351248309016,15135.0,97.0,298.29,67.0
training,2026-10-06T00:41:08.299658+00:00,1159.8828655779362,15135.0,90.0,313.81,68.0
training,2026-10-06T00:41:08.299658+00:00,1165.279923774302,15135.0,89.0,298.14,67.0
training,2026-10-06T00:41:08.299658+00:00,1170.6936790198088,15135.0,98.0,296.27,68.0
training,2026-10-06T00:41:08.299658+00:00,1176.0492514669895,15135.0,98.0,299.45,70.0
training,2026-10-06T00:41:08.299658+00:00,1181.4664618894458,15135.0,78.0,303.33,67.0
training,2026-10-06T00:41:08.299658+00:00,1186.8290453255177,15135.0,97.0,319.26,70.0
training,2026-10-06T00:41:08.299658+00:00,1192.2059258446097,15135.0,93.0,317.14,68.0
training,2026-10-06T00:41:08.299658+00:00,1197.5375263914466,15135.0,98.0,288.08,71.0
training,2026-10-06T00:41:08.299658+00:00,1202.9412980228662,15135.0,91.0,289.4,68.0
training,2026-10-06T00:41:08.299658+00:00,1208.3252131417394,15135.0,98.0,275.07,68.0
training,2026-10-06T00:41:08.299658+00:00,1213.7570203319192,15135.0,98.0,282.92,69.0
training,2026-10-06T00:41:08.299658+00:00,1219.200295381248,15135.0,94.0,296.75,69.0
training,2026-10-06T00:41:08.299658+00:00,1224.6517999991775,15135.0,97.0,274.59,68.0
training,2026-10-06T00:41:08.299658+00:00,1229.998481452465,15135.0,99.0,293.06,66.0
training,2026-10-06T00:41:08.299658+00:00,1235.3608219474554,15135.0,98.0,302.22,68.0
training,2026-10-06T00:41:08.299658+00:00,1240.7420285195112,15135.0,91.0,297.32,68.0
training,2026-10-06T00:41:08.299658+00:00,1246.1590781733394,15135.0,96.0,315.17,69.0
training,2026-10-06T00:41:08.299658+00:00,1251.523745186627,15135.0,93.0,316.79,69.0
training,2026-10-06T00:41:08.299658+00:00,1256.9539492949843,15135.0,88.0,313.23,69.0
training,2026-10-06T00:41:08.299658+00:00,1262.4378120750189,15135.0,97.0,320.92,69.0
training,2026-10-06T00:41:08.299658+00:00,1267.88088414073,15135.0,99.0,298.68,71.0
training,2026-10-06T00:41:08.299658+00:00,1273.208060823381,15135.0,98.0,308.97,68.0
training,2026-10-06T00:41:08.299658+00:00,1278.6296944096684,15135.0,97.0,248.5,69.0
training,2026-10-06T00:41:08.299658+00:00,1284.0121345296502,15135.0,88.0,302.76,68.0
training,2026-10-06T00:41:08.299658+00:00,1289.4306922927499,15135.0,90.0,297.74,68.0
training,2026-10-06T00:41:08.299658+00:00,1294.8009909912944,15135.0,99.0,316.45,70.0
training,2026-10-06T00:41:08.299658+00:00,1300.1989949196577,15135.0,90.0,301.35,69.0
training,2026-10-06T00:41:08.299658+00:00,1305.6103217080235,15135.0,97.0,287.42,69.0
training,2026-10-06T00:41:08.299658+00:00,1311.030121691525,15135.0,98.0,295.25,69.0
training,2026-10-06T00:41:08.299658+00:00,1316.4723029509187,15135.0,98.0,289.67,69.0
training,2026-10-06T00:41:08.299658+00:00,1321.8881068900228,15135.0,92.0,319.97,69.0
training,2026-10-06T00:41:08.299658+00:00,1327.3064718171954,15135.0,97.0,308.81,69.0
training,2026-10-06T00:41:08.299658+00:00,1332.667351923883,15135.0,97.0,250.06,68.0
training,2026-10-06T00:41:08.299658+00:00,1338.0744299590588,15135.0,90.0,297.18,70.0
training,2026-10-06T00:41:08.299658+00:00,1343.5709229707718,15135.0,93.0,296.04,69.0
training,2026-10-06T00:41:08.299658+00:00,1349.0099196732044,15135.0,97.0,304.09,69.0
training,2026-10-06T00:41:08.299658+00:00,1354.4132025912404,15135.0,89.0,291.8,68.0
training,2026-10-06T00:41:08.299658+00:00,1359.8495787233114,15135.0,98.0,323.83,67.0
training,2026-10-06T00:41:08.299658+00:00,1365.2376873865724,15135.0,94.0,289.15,70.0
training,2026-10-06T00:41:08.299658+00:00,1370.6816751882434,15135.0,94.0,302.51,69.0
training,2026-10-06T00:41:08.299658+00:00,1376.0748994648457,15135.0,98.0,309.52,68.0
training,2026-10-06T00:41:08.299658+00:00,1381.4791180193424,15135.0,94.0,300.08,69.0
training,2026-10-06T00:41:08.299658+00:00,1386.9117601290345,15135.0,99.0,264.16,68.0
training,2026-10-06T00:41:08.299658+00:00,1392.4110199213028,15135.0,80.0,297.02,70.0
training,2026-10-06T00:41:08.299658+00:00,1397.7856118008494,15135.0,98.0,283.61,71.0
training,2026-10-06T00:41:08.299658+00:00,1403.2003065869212,15135.0,90.0,305.15,69.0
training,2026-10-06T00:41:08.299658+00:00,1408.5940578728914,15135.0,98.0,294.4,69.0
training,2026-10-06T00:41:08.299658+00:00,1413.9262967407703,15135.0,3.0,94.03,61.0
training,2026-10-06T00:41:08.299658+00:00,1419.3180586397648,15135.0,0.0,89.51,58.0
training,2026-10-06T00:41:08.299658+00:00,1424.7151396423578,15135.0,94.0,222.97,63.0
training,2026-10-06T00:41:08.299658+00:00,1430.1687880381942,15135.0,99.0,315.57,65.0
training,2026-10-06T00:41:08.299658+00:00,1435.563909702003,15135.0,90.0,306.02,66.0
training,2026-10-06T00:41:08.299658+00:00,1440.97876816988,15135.0,97.0,311.37,66.0
training,2026-10-06T00:41:08.299658+00:00,1446.4028303027153,15135.0,94.0,287.21,67.0
training,2026-10-06T00:41:08.299658+00:00,1451.8319734856486,15135.0,99.0,302.02,67.0
training,2026-10-06T00:41:08.299658+00:00,1457.2016298770905,15135.0,99.0,286.23,71.0
training,2026-10-06T00:41:08.299658+00:00,1462.587817646563,15135.0,97.0,291.49,68.0
training,2026-10-06T00:41:08.299658+00:00,1468.0405751019716,15135.0,98.0,302.94,71.0
training,2026-10-06T00:41:08.299658+00:00,1473.40777785331,15135.0,100.0,315.99,70.0
training,2026-10-06T00:41:08.299658+00:00,1478.798353202641,15135.0,99.0,323.77,69.0
training,2026-10-06T00:41:08.299658+00:00,1484.1969671472907,15135.0,93.0,292.14,70.0
training,2026-10-06T00:41:08.299658+00:00,1489.5719462037086,15135.0,99.0,294.08,70.0
training,2026-10-06T00:41:08.299658+00:00,1494.9596175774932,15135.0,97.0,296.6,70.0
training,2026-10-06T00:41:08.299658+00:00,1500.3959711939096,15135.0,97.0,280.38,69.0
training,2026-10-06T00:41:08.299658+00:00,1505.7923935577273,15135.0,91.0,308.52,69.0
training,2026-10-06T00:41:08.299658+00:00,1511.1156119927764,15135.0,93.0,316.03,72.0
training,2026-10-06T00:41:08.299658+00:00,1516.5280269309878,15135.0,99.0,302.92,69.0
training,2026-10-06T00:41:08.299658+00:00,1521.911387912929,15135.0,76.0,312.12,70.0
training,2026-10-06T00:41:08.299658+00:00,1527.3311792463064,15135.0,84.0,328.6,69.0
training,2026-10-06T00:41:08.299658+00:00,1532.7453852593899,15135.0,0.0,274.58,65.0
training,2026-10-06T00:41:08.299658+00:00,1538.06407610327,15135.0,99.0,304.71,71.0
training,2026-10-06T00:41:08.299658+00:00,1543.4019022509456,15135.0,99.0,303.44,71.0
training,2026-10-06T00:41:08.299658+00:00,1548.7809803932905,15135.0,98.0,303.85,69.0
training,2026-10-06T00:41:08.299658+00:00,1554.1859379708767,15135.0,79.0,301.26,68.0
training,2026-10-06T00:41:08.299658+00:00,1559.6020001098514,15135.0,94.0,286.45,69.0
training,2026-10-06T00:41:08.299658+00:00,1565.0220777019858,15135.0,98.0,317.97,69.0
training,2026-10-06T00:41:08.299658+00:00,1570.4425226822495,15135.0,99.0,314.9,68.0
training,2026-10-06T00:41:08.299658+00:00,1575.8263586610556,15135.0,98.0,280.84,71.0
training,2026-10-06T00:41:08.299658+00:00,1581.1934196799994,15135.0,100.0,311.42,69.0
training,2026-10-06T00:41:08.299658+00:00,1586.5947232544422,15135.0,97.0,301.75,71.0
training,2026-10-06T00:41:08.299658+00:00,1591.9991768300533,15135.0,99.0,303.38,69.0
training,2026-10-06T00:41:08.299658+00:00,1597.3964599892497,15135.0,99.0,301.18,69.0
training,2026-10-06T00:41:08.299658+00:00,1602.780178450048,15135.0,99.0,304.04,68.0
training,2026-10-06T00:41:08.299658+00:00,1608.205055423081,15135.0,98.0,298.08,71.0
training,2026-10-06T00:41:08.299658+00:00,1613.563129477203,15135.0,99.0,281.72,68.0
training,2026-10-06T00:41:08.299658+00:00,1618.970472842455,15135.0,98.0,312.73,69.0
training,2026-10-06T00:41:08.299658+00:00,1624.4923492148519,15135.0,89.0,274.67,68.0
training,2026-10-06T00:41:08.299658+00:00,1629.9396967887878,15135.0,99.0,304.28,68.0
training,2026-10-06T00:41:08.299658+00:00,1635.2457021772861,15135.0,97.0,308.91,69.0
training,2026-10-06T00:41:08.299658+00:00,1640.6617524549365,15135.0,99.0,294.49,70.0
training,2026-10-06T00:41:08.299658+00:00,1646.0304547771811,15135.0,93.0,282.75,69.0
training,2026-10-06T00:41:08.299658+00:00,1651.45544526726,15135.0,98.0,307.22,66.0
training,2026-10-06T00:41:08.299658+00:00,1656.8769128918648,15135.0,97.0,294.8,71.0
training,2026-10-06T00:41:08.299658+00:00,1662.3428686708212,15135.0,91.0,319.92,68.0
training,2026-10-06T00:41:08.299658+00:00,1667.7092411071062,15135.0,86.0,294.9,67.0
training,2026-10-06T00:41:08.299658+00:00,1673.1264991685748,15135.0,99.0,298.49,70.0
training,2026-10-06T00:41:08.299658+00:00,1678.449154600501,15135.0,98.0,300.08,65.0
training,2026-10-06T00:41:08.299658+00:00,1683.836061410606,15135.0,89.0,312.08,69.0
training,2026-10-06T00:41:08.299658+00:00,1689.2234970480204,15135.0,98.0,302.23,69.0
training,2026-10-06T00:41:08.299658+00:00,1694.6617897674441,15135.0,100.0,284.72,67.0
training,2026-10-06T00:41:08.299658+00:00,1700.0594507530332,15135.0,98.0,311.58,67.0
training,2026-10-06T00:41:08.299658+00:00,1705.489827632904,15135.0,82.0,291.95,68.0
training,2026-10-06T00:41:08.299658+00:00,1710.846250154078,15135.0,99.0,321.45,69.0
training,2026-10-06T00:41:08.299658+00:00,1716.3027476593852,15135.0,96.0,308.66,69.0
training,2026-10-06T00:41:08.299658+00:00,1721.7444641292095,15135.0,95.0,289.28,70.0
training,2026-10-06T00:41:08.299658+00:00,1727.1191260367632,15135.0,96.0,328.59,71.0
training,2026-10-06T00:41:08.299658+00:00,1732.4963981732726,15135.0,99.0,309.31,68.0
training,2026-10-06T00:41:08.299658+00:00,1737.9180805459619,15135.0,86.0,308.47,69.0
training,2026-10-06T00:41:08.299658+00:00,1743.381449982524,15135.0,96.0,318.07,70.0
training,2026-10-06T00:41:08.299658+00:00,1748.8641989007592,15135.0,98.0,298.13,69.0
training,2026-10-06T00:41:08.299658+00:00,1754.2628020718694,15135.0,98.0,294.36,70.0
training,2026-10-06T00:41:08.299658+00:00,1759.7138247266412,15135.0,98.0,298.43,68.0
training,2026-10-06T00:41:08.299658+00:00,1765.1102484315634,15135.0,99.0,275.34,70.0
training,2026-10-06T00:41:08.299658+00:00,1770.527438558638,15135.0,87.0,268.85,71.0
training,2026-10-06T00:41:08.299658+00:00,1775.9445153325796,15135.0,97.0,290.86,70.0
training,2026-10-06T00:41:08.299658+00:00,1781.2954834029078,15135.0,93.0,288.68,70.0
training,2026-10-06T00:41:08.299658+00:00,1786.6882363632321,15135.0,99.0,305.66,69.0
training,2026-10-06T00:41:08.299658+00:00,1792.0031542181969,15135.0,95.0,297.46,71.0
training,2026-10-06T00:41:08.299658+00:00,1797.3081493377686,15135.0,94.0,299.38,69.0
training,2026-10-06T00:41:08.299658+00:00,1802.6126670613885,15135.0,97.0,302.67,70.0
training,2026-10-06T00:41:08.299658+00:00,1808.0490866526961,15135.0,99.0,287.22,69.0
training,2026-10-06T00:41:08.299658+00:00,1813.4804023578763,15135.0,87.0,303.02,69.0
training,2026-10-06T00:41:08.299658+00:00,1818.91901306808,15135.0,99.0,320.01,71.0
training,2026-10-06T00:41:08.299658+00:00,1824.3527073711157,15135.0,93.0,304.41,70.0
training,2026-10-06T00:41:08.299658+00:00,1829.779541902244,15135.0,99.0,312.42,72.0
training,2026-10-06T00:41:08.299658+00:00,1835.159307718277,15135.0,97.0,322.59,69.0
training,2026-10-06T00:41:08.299658+00:00,1840.552432000637,15135.0,96.0,307.17,71.0
training,2026-10-06T00:41:08.299658+00:00,1845.9340321719646,15135.0,97.0,319.8,69.0
training,2026-10-06T00:41:08.299658+00:00,1851.303804822266,15135.0,99.0,291.74,67.0
training,2026-10-06T00:41:08.299658+00:00,1856.627971060574,15135.0,90.0,292.34,67.0
training,2026-10-06T00:41:08.299658+00:00,1861.9969283491373,15135.0,88.0,290.8,67.0
training,2026-10-06T00:41:08.299658+00:00,1867.4784099385142,15135.0,99.0,313.1,69.0
training,2026-10-06T00:41:08.299658+00:00,1872.824253320694,15135.0,94.0,292.2,68.0
training,2026-10-06T00:41:08.299658+00:00,1878.2511570230126,15135.0,96.0,317.69,69.0
training,2026-10-06T00:41:08.299658+00:00,1883.656422354281,15135.0,97.0,293.05,69.0
training,2026-10-06T00:41:08.299658+00:00,1889.0134899318218,15135.0,93.0,288.42,69.0
training,2026-10-06T00:41:08.299658+00:00,1894.4357128888369,15135.0,98.0,312.51,69.0
training,2026-10-06T00:41:08.299658+00:00,1899.847996339202,15135.0,97.0,316.42,68.0
training,2026-10-06T00:41:08.299658+00:00,1905.2472906410694,15135.0,96.0,283.28,68.0
training,2026-10-06T00:41:08.299658+00:00,1910.7430161759257,15135.0,98.0,301.74,69.0
training,2026-10-06T00:41:08.299658+00:00,1916.110344402492,15135.0,96.0,286.39,69.0
training,2026-10-06T00:41:08.299658+00:00,1921.444242246449,15135.0,98.0,304.53,70.0
training,2026-10-06T00:41:08.299658+00:00,1926.8290649205446,15135.0,83.0,277.75,71.0
training,2026-10-06T00:41:08.299658+00:00,1932.1891420185566,15135.0,81.0,288.02,67.0
training,2026-10-06T00:41:08.299658+00:00,1937.563759855926,15135.0,95.0,266.96,70.0
training,2026-10-06T00:41:08.299658+00:00,1942.9867061823606,15135.0,96.0,294.41,68.0
training,2026-10-06T00:41:08.299658+00:00,1948.3657052144408,15135.0,93.0,311.02,69.0
training,2026-10-06T00:41:08.299658+00:00,1953.7809129729867,15135.0,98.0,304.58,69.0
training,2026-10-06T00:41:08.299658+00:00,1959.1969248354435,15135.0,99.0,296.4,69.0
training,2026-10-06T00:41:08.299658+00:00,1964.6648107171059,15135.0,88.0,302.25,71.0
training,2026-10-06T00:41:08.299658+00:00,1970.0785619467497,15135.0,99.0,282.74,69.0
training,2026-10-06T00:41:08.299658+00:00,1975.5215440616012,15135.0,93.0,292.03,69.0
training,2026-10-06T00:41:08.299658+00:00,1980.9234128892422,15135.0,94.0,308.95,71.0
training,2026-10-06T00:41:08.299658+00:00,1986.3166531696916,15135.0,98.0,317.4,70.0
training,2026-10-06T00:41:08.299658+00:00,1991.667734630406,15135.0,98.0,301.77,71.0
training,2026-10-06T00:41:08.299658+00:00,1997.053632505238,15135.0,99.0,297.66,69.0
training,2026-10-06T00:41:08.299658+00:00,2002.4202314391732,15135.0,81.0,295.0,69.0
training,2026-10-06T00:41:08.299658+00:00,2007.8413887396455,15135.0,95.0,295.65,69.0
training,2026-10-06T00:41:08.299658+00:00,2013.2291093245149,15135.0,97.0,295.49,69.0
training,2026-10-06T00:41:08.299658+00:00,2018.6112704649568,15135.0,86.0,302.58,71.0
training,2026-10-06T00:41:08.299658+00:00,2024.0623498260975,15135.0,91.0,296.01,69.0
training,2026-10-06T00:41:08.299658+00:00,2029.4324140027165,15135.0,97.0,302.75,69.0
training,2026-10-06T00:41:08.299658+00:00,2034.8191675543785,15135.0,83.0,310.7,69.0
training,2026-10-06T00:41:08.299658+00:00,2040.2908302992582,15135.0,96.0,321.29,69.0
training,2026-10-06T00:41:08.299658+00:00,2045.6956275701523,15135.0,98.0,301.39,68.0
training,2026-10-06T00:41:08.299658+00:00,2051.090095035732,15135.0,94.0,275.18,67.0
training,2026-10-06T00:41:08.299658+00:00,2056.449858173728,15135.0,98.0,288.31,70.0
training,2026-10-06T00:41:08.299658+00:00,2061.8674657568336,15135.0,94.0,303.01,69.0
training,2026-10-06T00:41:08.299658+00:00,2067.3085052073,15135.0,99.0,313.87,69.0
training,2026-10-06T00:41:08.299658+00:00,2072.7621904686093,15135.0,73.0,307.7,66.0
training,2026-10-06T00:41:08.299658+00:00,2078.198121123016,15135.0,97.0,308.46,70.0
training,2026-10-06T00:41:08.299658+00:00,2083.581386066973,15135.0,97.0,293.14,68.0
training,2026-10-06T00:41:08.299658+00:00,2088.9823645725846,15135.0,84.0,274.78,71.0
training,2026-10-06T00:41:08.299658+00:00,2094.414256878197,15135.0,0.0,90.81,59.0
training,2026-10-06T00:41:08.299658+00:00,2099.8236894086003,15135.0,0.0,89.27,57.0
training,2026-10-06T00:41:08.299658+00:00,2105.16473800689,15135.0,98.0,311.49,64.0
training,2026-10-06T00:41:08.299658+00:00,2110.546082921326,15135.0,97.0,320.95,66.0
training,2026-10-06T00:41:08.299658+00:00,2115.9146515876055,15135.0,28.0,284.04,66.0
training,2026-10-06T00:41:08.299658+00:00,2121.23923445493,15135.0,94.0,280.98,66.0
training,2026-10-06T00:41:08.299658+00:00,2126.5986469835043,15135.0,100.0,290.18,67.0
training,2026-10-06T00:41:08.299658+00:00,2131.910359226167,15135.0,98.0,286.79,67.0
training,2026-10-06T00:41:08.299658+00:00,2137.3671273589134,15135.0,98.0,285.8,68.0
training,2026-10-06T00:41:08.299658+00:00,2142.7350672110915,15135.0,93.0,281.06,68.0
training,2026-10-06T00:41:08.299658+00:00,2148.1390821933746,15135.0,96.0,309.73,68.0
training,2026-10-06T00:41:08.299658+00:00,2153.4675959944725,15135.0,99.0,289.86,69.0
training,2026-10-06T00:41:08.299658+00:00,2158.8823880925775,15135.0,92.0,317.3,69.0
training,2026-10-06T00:41:08.299658+00:00,2164.220324471593,15135.0,98.0,318.93,68.0
training,2026-10-06T00:41:08.299658+00:00,2169.5467613860965,15135.0,99.0,300.88,71.0
training,2026-10-06T00:41:08.299658+00:00,2174.865607343614,15135.0,99.0,320.93,70.0
training,2026-10-06T00:41:08.299658+00:00,2180.2709861695766,15135.0,0.0,217.41,62.0
training,2026-10-06T00:41:08.299658+00:00,2185.6286078467965,15135.0,0.0,89.61,58.0
training,2026-10-06T00:41:08.299658+00:00,2190.959654688835,15135.0,0.0,88.16,56.0
training,2026-10-06T00:41:08.299658+00:00,2196.394478917122,15135.0,98.0,288.92,64.0
training,2026-10-06T00:41:08.299658+00:00,2201.777350410819,15135.0,93.0,289.31,64.0
training,2026-10-06T00:41:08.299658+00:00,2207.1483307778835,15135.0,94.0,302.02,66.0
training,2026-10-06T00:41:08.299658+00:00,2212.520855590701,15135.0,79.0,299.36,65.0
training,2026-10-06T00:41:08.299658+00:00,2217.8995276391506,15135.0,98.0,277.86,67.0
training,2026-10-06T00:41:08.299658+00:00,2223.3243853375316,15135.0,95.0,307.94,68.0
training,2026-10-06T00:41:08.299658+00:00,2228.6609571427107,15135.0,81.0,287.02,66.0
training,2026-10-06T00:41:08.299658+00:00,2233.961809001863,15135.0,97.0,277.92,68.0
training,2026-10-06T00:41:08.299658+00:00,2239.364891305566,15135.0,97.0,304.27,70.0
training,2026-10-06T00:41:08.299658+00:00,2244.7747745141387,15135.0,96.0,262.96,68.0
training,2026-10-06T00:41:08.299658+00:00,2250.220205627382,15135.0,97.0,303.18,68.0
training,2026-10-06T00:41:08.299658+00:00,2255.521207243204,15135.0,86.0,292.12,70.0
training,2026-10-06T00:41:08.299658+00:00,2260.9240366369486,15135.0,95.0,291.66,68.0
training,2026-10-06T00:41:08.299658+00:00,2266.285604864359,15135.0,88.0,298.1,69.0
training,2026-10-06T00:41:08.299658+00:00,2271.7123235091567,15135.0,98.0,292.91,70.0
training,2026-10-06T00:41:08.299658+00:00,2277.1203821375966,15135.0,99.0,293.61,69.0
training,2026-10-06T00:41:08.299658+00:00,2282.5006352439523,15135.0,99.0,304.3,69.0
training,2026-10-06T00:41:08.299658+00:00,2287.8937242999673,15135.0,88.0,308.94,68.0
training,2026-10-06T00:41:08.299658+00:00,2293.263970270753,15135.0,94.0,298.64,67.0
training,2026-10-06T00:41:08.299658+00:00,2298.630709283054,15135.0,99.0,281.64,67.0
training,2026-10-06T00:41:08.299658+00:00,2304.0100915431976,15135.0,97.0,297.25,68.0
training,2026-10-06T00:41:08.299658+00:00,2309.409935452044,15135.0,98.0,291.24,68.0
training,2026-10-06T00:41:08.299658+00:00,2314.7597240656614,15135.0,98.0,316.74,68.0
training,2026-10-06T00:41:08.299658+00:00,2320.0729262307286,15135.0,100.0,303.78,68.0
training,2026-10-06T00:41:08.299658+00:00,2325.4407223910093,15135.0,98.0,303.43,67.0
training,2026-10-06T00:41:08.299658+00:00,2330.8069048300385,15135.0,93.0,310.19,69.0
training,2026-10-06T00:41:08.299658+00:00,2336.181006126106,15135.0,99.0,283.23,68.0
training,2026-10-06T00:41:08.299658+00:00,2341.5756085664034,15135.0,99.0,303.93,70.0
training,2026-10-06T00:41:08.299658+00:00,2346.934945166111,15135.0,98.0,303.51,67.0
training,2026-10-06T00:41:08.299658+00:00,2352.2987422570586,15135.0,78.0,297.62,69.0
training,2026-10-06T00:41:08.299658+00:00,2357.6507484018803,15135.0,95.0,304.46,68.0
training,2026-10-06T00:41:08.299658+00:00,2363.0384983196855,15135.0,98.0,307.84,67.0
training,2026-10-06T00:41:08.299658+00:00,2368.4473586529493,15135.0,83.0,317.67,67.0
training,2026-10-06T00:41:08.299658+00:00,2373.8498458191752,15135.0,84.0,280.46,66.0
training,2026-10-06T00:41:08.299658+00:00,2379.2657585293055,15135.0,86.0,299.77,68.0
training,2026-10-06T00:41:08.299658+00:00,2384.6865199804306,15135.0,98.0,288.23,69.0
training,2026-10-06T00:41:08.299658+00:00,2390.1246224194765,15135.0,99.0,308.05,72.0
training,2026-10-06T00:41:08.299658+00:00,2395.546893194318,15135.0,99.0,296.33,68.0
training,2026-10-06T00:41:08.299658+00:00,2400.982585608959,15135.0,98.0,313.39,70.0
training,2026-10-06T00:41:08.299658+00:00,2406.5275694429874,15135.0,87.0,297.59,68.0
training,2026-10-06T00:41:08.299658+00:00,2411.948320955038,15135.0,91.0,305.11,69.0
training,2026-10-06T00:41:08.299658+00:00,2417.3922397866845,15135.0,96.0,312.91,69.0
training,2026-10-06T00:41:08.299658+00:00,2422.8109779432416,15135.0,96.0,298.08,71.0
training,2026-10-06T00:41:08.299658+00:00,2428.1995565593243,15135.0,98.0,309.33,68.0
training,2026-10-06T00:41:08.299658+00:00,2433.619050092995,15135.0,96.0,309.36,71.0
training,2026-10-06T00:41:08.299658+00:00,2439.0741316378117,15135.0,99.0,305.17,69.0
training,2026-10-06T00:41:08.299658+00:00,2444.533468723297,15135.0,98.0,308.93,69.0
training,2026-10-06T00:41:08.299658+00:00,2449.938263833523,15135.0,99.0,292.77,70.0
training,2026-10-06T00:41:08.299658+00:00,2455.349163644016,15135.0,88.0,310.87,69.0
training,2026-10-06T00:41:08.299658+00:00,2460.776264578104,15135.0,96.0,303.73,68.0
training,2026-10-06T00:41:08.299658+00:00,2466.1684384047985,15135.0,98.0,301.09,69.0
training,2026-10-06T00:41:08.299658+00:00,2471.6246162205935,15135.0,77.0,302.4,69.0
training,2026-10-06T00:41:08.299658+00:00,2477.0207388699055,15135.0,97.0,309.54,70.0
training,2026-10-06T00:41:08.299658+00:00,2482.4483051225543,15135.0,98.0,288.49,69.0
training,2026-10-06T00:41:08.299658+00:00,2487.8617596700788,15135.0,79.0,308.38,70.0
training,2026-10-06T00:41:08.299658+00:00,2493.2651294395328,15135.0,97.0,301.73,69.0
training,2026-10-06T00:41:08.299658+00:00,2498.6496541425586,15135.0,98.0,308.12,69.0
training,2026-10-06T00:41:08.299658+00:00,2503.9936798736453,15135.0,98.0,294.51,68.0
training,2026-10-06T00:41:08.299658+00:00,2509.394413650036,15135.0,96.0,306.19,69.0
training,2026-10-06T00:41:08.299658+00:00,2514.823955580592,15135.0,98.0,313.49,70.0
training,2026-10-06T00:41:08.299658+00:00,2520.186661206186,15135.0,98.0,305.23,69.0
training,2026-10-06T00:41:08.299658+00:00,2525.567215614021,15135.0,97.0,315.08,71.0
training,2026-10-06T00:41:08.299658+00:00,2530.9864479526877,15135.0,100.0,318.18,70.0
training,2026-10-06T00:41:08.299658+00:00,2536.325119741261,15135.0,44.0,306.1,70.0
training,2026-10-06T00:41:08.299658+00:00,2541.717871390283,15135.0,0.0,90.09,59.0
training,2026-10-06T00:41:08.299658+00:00,2547.0754629820585,15135.0,0.0,88.4,56.0
training,2026-10-06T00:41:08.299658+00:00,2552.4233229905367,15135.0,99.0,284.08,65.0
training,2026-10-06T00:41:08.299658+00:00,2557.835758395493,15135.0,99.0,302.96,66.0
training,2026-10-06T00:41:08.299658+00:00,2563.229453623295,15135.0,97.0,307.31,66.0
training,2026-10-06T00:41:08.299658+00:00,2568.6883160695434,15135.0,98.0,300.28,67.0
training,2026-10-06T00:41:08.299658+00:00,2574.1099469810724,15135.0,81.0,314.63,67.0
training,2026-10-06T00:41:08.299658+00:00,2579.457719422877,15135.0,99.0,315.95,68.0
training,2026-10-06T00:41:08.299658+00:00,2584.857257708907,15135.0,82.0,309.0,67.0
training,2026-10-06T00:41:08.299658+00:00,2590.252374753356,15135.0,98.0,315.06,68.0
training,2026-10-06T00:41:08.299658+00:00,2595.6086582764983,15135.0,88.0,287.69,69.0
training,2026-10-06T00:41:08.299658+00:00,2601.01287894696,15135.0,99.0,286.62,67.0
training,2026-10-06T00:41:08.299658+00:00,2606.333828166127,15135.0,98.0,288.39,68.0
training,2026-10-06T00:41:08.299658+00:00,2611.6987279355526,15135.0,98.0,303.93,70.0
training,2026-10-06T00:41:08.299658+00:00,2617.0176513418555,15135.0,99.0,299.84,70.0
training,2026-10-06T00:41:08.299658+00:00,2622.4118067249656,15135.0,98.0,288.76,66.0
training,2026-10-06T00:41:08.299658+00:00,2627.7868470475078,15135.0,5.0,259.84,64.0
training,2026-10-06T00:41:08.299658+00:00,2633.1077655106783,15135.0,98.0,307.13,66.0
training,2026-10-06T00:41:08.299658+00:00,2638.4710775986314,15135.0,96.0,295.47,70.0
training,2026-10-06T00:41:08.299658+00:00,2643.8012558445334,15135.0,84.0,305.58,70.0
training,2026-10-06T00:41:08.299658+00:00,2649.199744462967,15135.0,85.0,301.68,70.0
training,2026-10-06T00:41:08.299658+00:00,2654.5456289872527,15135.0,98.0,308.6,68.0
training,2026-10-06T00:41:08.299658+00:00,2659.9658252820373,15135.0,99.0,299.66,71.0
training,2026-10-06T00:41:08.299658+00:00,2665.3560548350215,15135.0,82.0,310.1,67.0
training,2026-10-06T00:41:08.299658+00:00,2670.7670838087797,15135.0,76.0,290.59,66.0
training,2026-10-06T00:41:08.299658+00:00,2676.1441768929362,15135.0,90.0,297.54,68.0
training,2026-10-06T00:41:08.299658+00:00,2681.517209403217,15135.0,99.0,306.79,68.0
training,2026-10-06T00:41:08.299658+00:00,2686.8641492798924,15135.0,97.0,290.31,68.0
training,2026-10-06T00:41:08.299658+00:00,2692.2837026417255,15135.0,98.0,313.52,68.0
training,2026-10-06T00:41:08.299658+00:00,2697.6247375383973,15135.0,99.0,305.2,70.0
training,2026-10-06T00:41:08.299658+00:00,2703.026724435389,15135.0,98.0,303.04,68.0
training,2026-10-06T00:41:08.299658+00:00,2708.37977027148,15135.0,98.0,300.27,69.0
training,2026-10-06T00:41:08.299658+00:00,2713.722957752645,15135.0,98.0,299.66,68.0
training,2026-10-06T00:41:08.299658+00:00,2719.0863610729575,15135.0,95.0,276.91,71.0
training,2026-10-06T00:41:08.299658+00:00,2724.5085930153728,15135.0,93.0,314.84,71.0
training,2026-10-06T00:41:08.299658+00:00,2729.8521962463856,15135.0,98.0,302.27,69.0
training,2026-10-06T00:41:08.299658+00:00,2735.232232362032,15135.0,99.0,312.17,68.0
training,2026-10-06T00:41:08.299658+00:00,2740.6194038912654,15135.0,79.0,285.51,69.0
training,2026-10-06T00:41:08.299658+00:00,2746.0419036448,15135.0,80.0,282.6,68.0
training,2026-10-06T00:41:08.299658+00:00,2751.4315283745527,15135.0,96.0,307.01,68.0
training,2026-10-06T00:41:08.299658+00:00,2756.8275250792503,15135.0,98.0,285.7,69.0
training,2026-10-06T00:41:08.299658+00:00,2762.224546045065,15135.0,96.0,302.97,68.0
training,2026-10-06T00:41:08.299658+00:00,2767.592647343874,15135.0,96.0,304.52,71.0
training,2026-10-06T00:41:08.299658+00:00,2772.9971913844347,15135.0,94.0,319.3,69.0
training,2026-10-06T00:41:08.299658+00:00,2778.35117020458,15135.0,98.0,289.25,69.0
training,2026-10-06T00:41:08.299658+00:00,2783.802025683224,15135.0,98.0,276.33,68.0
training,2026-10-06T00:41:08.299658+00:00,2789.2062384337187,15135.0,84.0,305.94,67.0
training,2026-10-06T00:41:08.299658+00:00,2794.5737072974443,15135.0,0.0,90.0,58.0
training,2026-10-06T00:41:08.299658+00:00,2799.9079140126705,15135.0,0.0,88.43,56.0
training,2026-10-06T00:41:08.299658+00:00,2805.3042688816786,15135.0,97.0,308.21,64.0
training,2026-10-06T00:41:08.299658+00:00,2810.744787313044,15135.0,85.0,300.3,65.0
training,2026-10-06T00:41:08.299658+00:00,2816.1750836893916,15135.0,98.0,301.42,65.0
training,2026-10-06T00:41:08.299658+00:00,2821.601335592568,15135.0,99.0,256.05,65.0
training,2026-10-06T00:41:08.299658+00:00,2827.001445837319,15135.0,93.0,287.13,67.0
training,2026-10-06T00:41:08.299658+00:00,2832.41625123471,15135.0,90.0,297.82,66.0
training,2026-10-06T00:41:08.299658+00:00,2837.7485383301973,15135.0,82.0,293.49,69.0
training,2026-10-06T00:41:08.299658+00:00,2843.140805698931,15135.0,86.0,314.86,66.0
training,2026-10-06T00:41:08.299658+00:00,2848.5162943303585,15135.0,94.0,313.7,67.0
training,2026-10-06T00:41:08.299658+00:00,2853.9247191250324,15135.0,92.0,313.02,67.0
training,2026-10-06T00:41:08.299658+00:00,2859.33547090739,15135.0,85.0,290.64,69.0
training,2026-10-06T00:41:08.299658+00:00,2864.7333474308252,15135.0,99.0,291.69,67.0
training,2026-10-06T00:41:08.299658+00:00,2870.1255277246237,15135.0,88.0,293.05,68.0
training,2026-10-06T00:41:08.299658+00:00,2875.511085167527,15135.0,98.0,309.74,68.0
training,2026-10-06T00:41:08.299658+00:00,2880.8892107233405,15135.0,85.0,275.99,65.0
training,2026-10-06T00:41:08.299658+00:00,2886.2632926031947,15135.0,99.0,291.57,70.0
training,2026-10-06T00:41:08.299658+00:00,2891.6904651373625,15135.0,98.0,297.78,67.0
training,2026-10-06T00:41:08.299658+00:00,2897.1058657988906,15135.0,99.0,243.88,68.0
training,2026-10-06T00:41:08.299658+00:00,2902.4765870049596,15135.0,100.0,325.11,70.0
training,2026-10-06T00:41:08.299658+00:00,2907.874898403883,15135.0,97.0,318.95,69.0
training,2026-10-06T00:41:08.299658+00:00,2913.279140524566,15135.0,98.0,312.54,67.0
training,2026-10-06T00:41:08.299658+00:00,2918.606035590172,15135.0,100.0,306.8,70.0
training,2026-10-06T00:41:08.299658+00:00,2923.9727615714073,15135.0,97.0,303.57,69.0
training,2026-10-06T00:41:08.299658+00:00,2929.3151019737124,15135.0,88.0,301.5,69.0
training,2026-10-06T00:41:08.299658+00:00,2934.6662270501256,15135.0,97.0,316.53,69.0
training,2026-10-06T00:41:08.299658+00:00,2940.045036613941,15135.0,99.0,285.98,68.0
training,2026-10-06T00:41:08.299658+00:00,2945.459707662463,15135.0,99.0,302.38,71.0
training,2026-10-06T00:41:08.299658+00:00,2950.8891006857157,15135.0,88.0,301.06,67.0
training,2026-10-06T00:41:08.299658+00:00,2956.327594473958,15135.0,98.0,270.48,69.0
training,2026-10-06T00:41:08.299658+00:00,2961.773760035634,15135.0,85.0,286.49,69.0
training,2026-10-06T00:41:08.299658+00:00,2967.1769647821784,15135.0,78.0,325.31,68.0
training,2026-10-06T00:41:08.299658+00:00,2972.62778185308,15135.0,83.0,320.9,68.0
training,2026-10-06T00:41:08.299658+00:00,2977.97519505769,15135.0,87.0,290.07,70.0
training,2026-10-06T00:41:08.299658+00:00,2983.2890581935644,15135.0,90.0,303.4,68.0
training,2026-10-06T00:41:08.299658+00:00,2988.6802218556404,15135.0,99.0,300.96,68.0
training,2026-10-06T00:41:08.299658+00:00,2994.086795076728,15135.0,94.0,298.05,69.0
training,2026-10-06T00:41:08.299658+00:00,2999.5269482806325,15135.0,95.0,278.14,68.0
training,2026-10-06T00:41:08.299658+00:00,3004.9046836793423,15135.0,98.0,280.36,69.0
training,2026-10-06T00:41:08.299658+00:00,3010.38576092571,15135.0,100.0,299.7,68.0
training,2026-10-06T00:41:08.299658+00:00,3015.7773412019014,15135.0,77.0,311.25,69.0
training,2026-10-06T00:41:08.299658+00:00,3021.1665365323424,15135.0,81.0,302.11,68.0
training,2026-10-06T00:41:08.299658+00:00,3026.610624074936,15135.0,97.0,313.83,68.0
training,2026-10-06T00:41:08.299658+00:00,3032.0351101756096,15135.0,98.0,298.64,68.0
training,2026-10-06T00:41:08.299658+00:00,3037.392335444689,15135.0,98.0,320.38,68.0
training,2026-10-06T00:41:08.299658+00:00,3042.776604473591,15135.0,93.0,314.14,69.0
training,2026-10-06T00:41:08.299658+00:00,3048.1366623938084,15135.0,98.0,287.12,70.0
training,2026-10-06T00:41:08.299658+00:00,3053.4775278270245,15135.0,98.0,297.79,69.0
training,2026-10-06T00:41:08.299658+00:00,3058.911420315504,15135.0,98.0,287.16,67.0
training,2026-10-06T00:41:08.299658+00:00,3064.3690102547407,15135.0,99.0,299.18,69.0
training,2026-10-06T00:41:08.299658+00:00,3069.795653373003,15135.0,91.0,296.51,69.0
training,2026-10-06T00:41:08.299658+00:00,3075.135649509728,15135.0,86.0,286.92,68.0
training,2026-10-06T00:41:08.299658+00:00,3080.5611063316464,15135.0,98.0,304.63,70.0
training,2026-10-06T00:41:08.299658+00:00,3085.962036706507,15135.0,97.0,316.23,70.0
training,2026-10-06T00:41:08.299658+00:00,3091.382239356637,15135.0,98.0,301.11,68.0
training,2026-10-06T00:41:08.299658+00:00,3096.820769831538,15135.0,98.0,307.87,70.0
training,2026-10-06T00:41:08.299658+00:00,3102.2709442675114,15135.0,99.0,250.62,69.0
training,2026-10-06T00:41:08.299658+00:00,3107.6988829746842,15135.0,97.0,313.5,69.0
training,2026-10-06T00:41:08.299658+00:00,3113.0513985306025,15135.0,98.0,282.17,68.0
training,2026-10-06T00:41:08.299658+00:00,3118.397098913789,15135.0,98.0,279.47,68.0
training,2026-10-06T00:41:08.299658+00:00,3123.8523694723845,15135.0,98.0,282.09,67.0
training,2026-10-06T00:41:08.299658+00:00,3129.2743163257837,15135.0,94.0,302.22,68.0
training,2026-10-06T00:41:08.299658+00:00,3134.705891266465,15135.0,96.0,299.54,69.0
training,2026-10-06T00:41:08.299658+00:00,3140.0676461979747,15135.0,97.0,300.77,68.0
training,2026-10-06T00:41:08.299658+00:00,3145.5472602024674,15135.0,83.0,298.21,68.0
training,2026-10-06T00:41:08.299658+00:00,3150.9879374578595,15135.0,98.0,307.3,70.0
training,2026-10-06T00:41:08.299658+00:00,3156.388850659132,15135.0,97.0,276.32,68.0
training,2026-10-06T00:41:08.299658+00:00,3161.8204705789685,15135.0,85.0,315.28,69.0
training,2026-10-06T00:41:08.299658+00:00,3167.237087726593,15135.0,97.0,322.91,69.0
training,2026-10-06T00:41:08.299658+00:00,3172.629933990538,15135.0,95.0,293.49,69.0
training,2026-10-06T00:41:08.299658+00:00,3177.9983134269714,15135.0,79.0,295.62,68.0
training,2026-10-06T00:41:08.299658+00:00,3183.355070874095,15135.0,98.0,275.85,68.0
training,2026-10-06T00:41:08.299658+00:00,3188.7025229409337,15135.0,99.0,298.8,68.0
training,2026-10-06T00:41:08.299658+00:00,3194.124804340303,15135.0,98.0,300.62,67.0
training,2026-10-06T00:41:08.299658+00:00,3199.4809745028615,15135.0,97.0,307.18,66.0
training,2026-10-06T00:41:08.299658+00:00,3204.8532918170094,15135.0,98.0,314.69,68.0
training,2026-10-06T00:41:08.299658+00:00,3210.233112409711,15135.0,97.0,320.67,69.0
training,2026-10-06T00:41:08.299658+00:00,3215.61195884645,15135.0,97.0,302.0,67.0
training,2026-10-06T00:41:08.299658+00:00,3221.1188166737556,15135.0,98.0,311.05,68.0
training,2026-10-06T00:41:08.299658+00:00,3226.460270047188,15135.0,98.0,278.73,68.0
training,2026-10-06T00:41:08.299658+00:00,3231.8731799796224,15135.0,97.0,287.91,68.0
training,2026-10-06T00:41:08.299658+00:00,3237.192136146128,15135.0,94.0,318.61,67.0
training,2026-10-06T00:41:08.299658+00:00,3242.5846249088645,15135.0,99.0,319.08,69.0
training,2026-10-06T00:41:08.299658+00:00,3247.9654831513762,15135.0,99.0,321.8,70.0
training,2026-10-06T00:41:08.299658+00:00,3253.3788518086076,15135.0,97.0,306.39,68.0
training,2026-10-06T00:41:08.299658+00:00,3258.759306587279,15135.0,91.0,294.75,68.0
training,2026-10-06T00:41:08.299658+00:00,3264.123482055962,15135.0,98.0,312.8,68.0
training,2026-10-06T00:41:08.299658+00:00,3269.5294221416116,15135.0,76.0,282.14,68.0
training,2026-10-06T00:41:08.299658+00:00,3274.969534665346,15135.0,99.0,310.12,68.0
training,2026-10-06T00:41:08.299658+00:00,3280.4173063263297,15135.0,85.0,287.09,68.0
training,2026-10-06T00:41:08.299658+00:00,3285.836418606341,15135.0,98.0,318.87,67.0
training,2026-10-06T00:41:08.299658+00:00,3291.258995331824,15135.0,94.0,255.34,68.0
training,2026-10-06T00:41:08.299658+00:00,3296.6521460711956,15135.0,99.0,313.29,70.0
training,2026-10-06T00:41:08.299658+00:00,3302.0073843747377,15135.0,84.0,267.67,68.0
training,2026-10-06T00:41:08.299658+00:00,3307.373122125864,15135.0,98.0,307.39,69.0
training,2026-10-06T00:41:08.299658+00:00,3312.701259277761,15135.0,94.0,317.13,67.0
training,2026-10-06T00:41:08.299658+00:00,3318.1007146835327,15135.0,84.0,276.6,71.0
training,2026-10-06T00:41:08.299658+00:00,3323.529113896191,15135.0,86.0,273.52,68.0
training,2026-10-06T00:41:08.299658+00:00,3328.977671660483,15135.0,98.0,302.47,71.0
training,2026-10-06T00:41:08.299658+00:00,3334.440395668149,15135.0,98.0,281.09,67.0
training,2026-10-06T00:41:08.299658+00:00,3339.8685684502125,15135.0,98.0,308.07,69.0
training,2026-10-06T00:41:08.299658+00:00,3345.2705833613873,15135.0,3.0,279.83,66.0
training,2026-10-06T00:41:08.299658+00:00,3350.77243757993,15135.0,96.0,310.99,68.0
training,2026-10-06T00:41:08.299658+00:00,3356.2494040578604,15135.0,93.0,301.41,68.0
training,2026-10-06T00:41:08.299658+00:00,3361.645039498806,15135.0,99.0,297.02,69.0
training,2026-10-06T00:41:08.299658+00:00,3367.076096072793,15135.0,95.0,320.27,69.0
training,2026-10-06T00:41:08.299658+00:00,3372.4742002934217,15135.0,98.0,288.64,69.0
training,2026-10-06T00:41:08.299658+00:00,3377.8282601758838,15135.0,98.0,322.4,69.0
training,2026-10-06T00:41:08.299658+00:00,3383.2950743734837,15135.0,78.0,280.17,71.0
training,2026-10-06T00:41:08.299658+00:00,3388.7265476584435,15135.0,96.0,289.17,68.0
training,2026-10-06T00:41:08.299658+00:00,3394.061799071729,15135.0,96.0,289.03,68.0
training,2026-10-06T00:41:08.299658+00:00,3399.5251364558935,15135.0,97.0,299.75,71.0
training,2026-10-06T00:41:08.299658+00:00,3404.9457584545016,15135.0,88.0,302.78,68.0
training,2026-10-06T00:41:08.299658+00:00,3410.376147724688,15135.0,96.0,307.38,69.0
training,2026-10-06T00:41:08.299658+00:00,3415.7556602209806,15135.0,98.0,292.94,69.0
training,2026-10-06T00:41:08.299658+00:00,3421.1350823417306,15135.0,89.0,284.97,69.0
training,2026-10-06T00:41:08.299658+00:00,3426.462407901883,15135.0,98.0,292.97,67.0
training,2026-10-06T00:41:08.299658+00:00,3431.8788504078984,15135.0,97.0,295.73,68.0
training,2026-10-06T00:41:08.299658+00:00,3437.2060215249658,15135.0,98.0,261.15,69.0
training,2026-10-06T00:41:08.299658+00:00,3442.668675236404,15135.0,83.0,302.76,68.0
training,2026-10-06T00:41:08.299658+00:00,3448.1058969423175,15135.0,98.0,299.76,67.0
training,2026-10-06T00:41:08.299658+00:00,3453.4393858909607,15135.0,93.0,295.18,68.0
training,2026-10-06T00:41:08.299658+00:00,3458.828716889024,15135.0,94.0,308.26,68.0
training,2026-10-06T00:41:08.299658+00:00,3464.194867528975,15135.0,98.0,291.94,67.0
training,2026-10-06T00:41:08.299658+00:00,3469.600417971611,15135.0,0.0,90.6,60.0
training,2026-10-06T00:41:08.299658+00:00,3474.919553592801,15135.0,0.0,88.95,57.0
training,2026-10-06T00:41:08.299658+00:00,3480.3575799018145,15135.0,99.0,288.67,66.0
training,2026-10-06T00:41:08.299658+00:00,3485.776114344597,15135.0,98.0,308.33,64.0
training,2026-10-06T00:41:08.299658+00:00,3491.2286008298397,15135.0,94.0,301.83,65.0
training,2026-10-06T00:41:08.299658+00:00,3496.6728433817625,15135.0,98.0,288.98,65.0
training,2026-10-06T00:41:08.299658+00:00,3502.0976028367877,15135.0,100.0,301.07,66.0
training,2026-10-06T00:41:08.299658+00:00,3507.484838053584,15135.0,97.0,295.07,66.0
training,2026-10-06T00:41:08.299658+00:00,3512.924968764186,15135.0,97.0,307.95,65.0
training,2026-10-06T00:41:08.299658+00:00,3518.4271455854177,15135.0,81.0,274.01,66.0
training,2026-10-06T00:41:08.299658+00:00,3523.8549658581614,15135.0,92.0,274.33,67.0
training,2026-10-06T00:41:08.299658+00:00,3529.251822113991,15135.0,99.0,292.11,66.0
training,2026-10-06T00:41:08.299658+00:00,3534.6631369814277,15135.0,81.0,279.45,67.0
training,2026-10-06T00:41:08.299658+00:00,3540.1488549113274,15135.0,98.0,293.25,66.0
training,2026-10-06T00:41:08.299658+00:00,3545.469805777073,15135.0,81.0,280.57,65.0
training,2026-10-06T00:41:08.299658+00:00,3550.9090244993567,15135.0,98.0,314.52,66.0
training,2026-10-06T00:41:08.299658+00:00,3556.301164984703,15135.0,98.0,290.72,68.0
training,2026-10-06T00:41:08.299658+00:00,3561.7009086236358,15135.0,97.0,313.5,66.0
training,2026-10-06T00:41:08.299658+00:00,3567.071277089417,15135.0,95.0,310.62,68.0
training,2026-10-06T00:41:08.299658+00:00,3572.4538688138127,15135.0,88.0,308.69,68.0
training,2026-10-06T00:41:08.299658+00:00,3577.852551460266,15135.0,98.0,304.81,68.0
training,2026-10-06T00:41:08.299658+00:00,3583.214527003467,15135.0,95.0,320.97,67.0
training,2026-10-06T00:41:08.299658+00:00,3588.5904155150056,15135.0,94.0,302.19,67.0
training,2026-10-06T00:41:08.299658+00:00,3593.9917202591896,15135.0,10.0,278.11,64.0
training,2026-10-06T00:41:08.299658+00:00,3599.419028483331,15135.0,100.0,321.71,69.0
training,2026-10-06T00:41:08.299658+00:00,3604.752491734922,15135.0,74.0,311.21,70.0
training,2026-10-06T00:41:08.299658+00:00,3610.1137688606977,15135.0,98.0,289.79,67.0
training,2026-10-06T00:41:08.299658+00:00,3615.51915358752,15135.0,91.0,317.24,68.0
training,2026-10-06T00:41:08.299658+00:00,3620.9250334575772,15135.0,94.0,301.69,69.0
training,2026-10-06T00:41:08.299658+00:00,3626.322674907744,15135.0,93.0,309.78,69.0
training,2026-10-06T00:41:08.299658+00:00,3631.724938802421,15135.0,97.0,314.52,69.0
training,2026-10-06T00:41:08.299658+00:00,3637.140191733837,15135.0,99.0,309.53,70.0
training,2026-10-06T00:41:08.299658+00:00,3642.598206475377,15135.0,98.0,312.88,69.0
training,2026-10-06T00:41:08.299658+00:00,3648.059330396354,15135.0,99.0,310.55,69.0
training,2026-10-06T00:41:08.299658+00:00,3653.49977453053,15135.0,99.0,295.31,71.0
training,2026-10-06T00:41:08.299658+00:00,3658.962612144649,15135.0,97.0,292.28,68.0
training,2026-10-06T00:41:08.299658+00:00,3664.499626144767,15135.0,99.0,304.45,68.0
training,2026-10-06T00:41:08.299658+00:00,3669.8872835859656,15135.0,97.0,290.96,68.0
training,2026-10-06T00:41:08.299658+00:00,3675.2097439467907,15135.0,98.0,257.91,71.0
training,2026-10-06T00:41:08.299658+00:00,3680.5666266158223,15135.0,89.0,306.24,68.0
training,2026-10-06T00:41:08.299658+00:00,3685.983684822917,15135.0,98.0,281.81,68.0
training,2026-10-06T00:41:08.299658+00:00,3691.3978982046247,15135.0,98.0,298.24,69.0
training,2026-10-06T00:41:08.299658+00:00,3696.8528677895665,15135.0,100.0,295.83,69.0
training,2026-10-06T00:41:08.299658+00:00,3702.2335205227137,15135.0,96.0,308.26,69.0
training,2026-10-06T00:41:08.299658+00:00,3707.6092263311148,15135.0,98.0,300.82,69.0
training,2026-10-06T00:41:08.299658+00:00,3713.0657416060567,15135.0,84.0,308.0,68.0
training,2026-10-06T00:41:08.299658+00:00,3718.488506063819,15135.0,98.0,296.68,68.0
training,2026-10-06T00:41:08.299658+00:00,3723.88829472661,15135.0,99.0,294.23,71.0
training,2026-10-06T00:41:08.299658+00:00,3729.2729379981756,15135.0,84.0,271.34,70.0
training,2026-10-06T00:41:08.299658+00:00,3734.6314347088337,15135.0,83.0,309.39,69.0
training,2026-10-06T00:41:08.299658+00:00,3739.9608535692096,15135.0,99.0,311.93,68.0
training,2026-10-06T00:41:08.299658+00:00,3745.307026654482,15135.0,95.0,283.21,68.0
training,2026-10-06T00:41:08.299658+00:00,3750.690991394222,15135.0,98.0,296.14,68.0
training,2026-10-06T00:41:08.299658+00:00,3756.1093707606196,15135.0,98.0,302.08,68.0
training,2026-10-06T00:41:08.299658+00:00,3761.491029188037,15135.0,99.0,305.5,70.0
training,2026-10-06T00:41:08.299658+00:00,3766.8643843904138,15135.0,97.0,295.33,68.0
training,2026-10-06T00:41:08.299658+00:00,3772.2982161417603,15135.0,97.0,296.95,69.0
training,2026-10-06T00:41:08.299658+00:00,3777.734971240163,15135.0,91.0,306.88,68.0
training,2026-10-06T00:41:08.299658+00:00,3783.1165609434247,15135.0,98.0,320.01,68.0
training,2026-10-06T00:41:08.299658+00:00,3788.5172017738223,15135.0,98.0,279.65,68.0
training,2026-10-06T00:41:08.299658+00:00,3793.951576769352,15135.0,99.0,322.67,68.0
training,2026-10-06T00:41:08.299658+00:00,3799.3451773151755,15135.0,95.0,278.56,67.0
training,2026-10-06T00:41:08.299658+00:00,3804.7568562850356,15135.0,97.0,290.09,68.0
training,2026-10-06T00:41:08.299658+00:00,3810.1149332523346,15135.0,97.0,303.3,69.0
training,2026-10-06T00:41:08.299658+00:00,3815.5839892700315,15135.0,97.0,306.96,69.0
training,2026-10-06T00:41:08.299658+00:00,3820.9534476026893,15135.0,99.0,259.06,67.0
training,2026-10-06T00:41:08.299658+00:00,3826.3509718105197,15135.0,98.0,322.63,68.0
training,2026-10-06T00:41:08.299658+00:00,3831.695646442473,15135.0,99.0,298.77,68.0
training,2026-10-06T00:41:08.299658+00:00,3837.025827474892,15135.0,98.0,316.65,69.0
training,2026-10-06T00:41:08.299658+00:00,3842.4069807752967,15135.0,97.0,294.07,68.0
training,2026-10-06T00:41:08.299658+00:00,3847.8103213459253,15135.0,89.0,319.11,68.0
training,2026-10-06T00:41:08.299658+00:00,3853.1781204864383,15135.0,98.0,285.2,67.0
training,2026-10-06T00:41:08.299658+00:00,3858.482442446053,15135.0,97.0,307.1,67.0
training,2026-10-06T00:41:08.299658+00:00,3863.8806339502335,15135.0,98.0,298.05,70.0
training,2026-10-06T00:41:08.299658+00:00,3869.199108712375,15135.0,98.0,306.86,71.0
training,2026-10-06T00:41:08.299658+00:00,3874.6230486631393,15135.0,97.0,269.85,65.0
training,2026-10-06T00:41:08.299658+00:00,3880.004089154303,15135.0,97.0,318.16,70.0
training,2026-10-06T00:41:08.299658+00:00,3885.3101493269205,15135.0,76.0,284.72,68.0
training,2026-10-06T00:41:08.299658+00:00,3890.650227345526,15135.0,100.0,306.85,66.0
training,2026-10-06T00:41:08.299658+00:00,3896.0298695266247,15135.0,98.0,299.18,68.0
training,2026-10-06T00:41:08.299658+00:00,3901.397626787424,15135.0,98.0,298.72,70.0
training,2026-10-06T00:41:08.299658+00:00,3906.8261876255274,15135.0,98.0,303.38,68.0
training,2026-10-06T00:41:08.299658+00:00,3912.2046862989664,15135.0,99.0,295.77,68.0
training,2026-10-06T00:41:08.299658+00:00,3917.6251765713096,15135.0,97.0,327.55,70.0
training,2026-10-06T00:41:08.299658+00:00,3922.9304364323616,15135.0,98.0,284.32,67.0
training,2026-10-06T00:41:08.299658+00:00,3928.356172695756,15135.0,100.0,302.58,67.0
training,2026-10-06T00:41:08.299658+00:00,3933.7097833007574,15135.0,98.0,284.75,68.0
training,2026-10-06T00:41:08.299658+00:00,3939.0549741759896,15135.0,98.0,306.09,66.0
training,2026-10-06T00:41:08.299658+00:00,3944.4824665412307,15135.0,100.0,319.73,69.0
training,2026-10-06T00:41:08.299658+00:00,3949.8603542894125,15135.0,93.0,300.71,69.0
training,2026-10-06T00:41:08.299658+00:00,3955.2113762646914,15135.0,97.0,276.07,69.0
training,2026-10-06T00:41:08.299658+00:00,3960.59198564291,15135.0,99.0,305.02,67.0
training,2026-10-06T00:41:08.299658+00:00,3965.984533049166,15135.0,99.0,283.14,67.0
training,2026-10-06T00:41:08.299658+00:00,3971.367340900004,15135.0,98.0,302.82,67.0
training,2026-10-06T00:41:08.299658+00:00,3976.757246285677,15135.0,97.0,301.51,68.0
training,2026-10-06T00:41:08.299658+00:00,3982.1745195165277,15135.0,98.0,304.66,70.0
training,2026-10-06T00:41:08.299658+00:00,3987.5839853957295,15135.0,98.0,290.72,67.0
training,2026-10-06T00:41:08.299658+00:00,3993.0034266337752,15135.0,92.0,295.9,67.0
training,2026-10-06T00:41:08.299658+00:00,3998.426019012928,15135.0,87.0,302.39,67.0
training,2026-10-06T00:41:08.299658+00:00,4003.8403571024537,15135.0,98.0,310.07,67.0
training,2026-10-06T00:41:08.299658+00:00,4009.163313731551,15135.0,25.0,285.03,65.0
training,2026-10-06T00:41:08.299658+00:00,4014.5793483257294,15135.0,95.0,296.63,68.0
training,2026-10-06T00:41:08.299658+00:00,4019.950825020671,15135.0,96.0,314.51,68.0
training,2026-10-06T00:41:08.299658+00:00,4025.3126255497336,15135.0,98.0,311.82,67.0
training,2026-10-06T00:41:08.299658+00:00,4030.677550561726,15135.0,98.0,305.26,67.0
training,2026-10-06T00:41:08.299658+00:00,4036.086919017136,15135.0,98.0,303.12,68.0
training,2026-10-06T00:41:08.299658+00:00,4041.50861813128,15135.0,99.0,291.23,69.0
training,2026-10-06T00:41:08.299658+00:00,4046.8956515192986,15135.0,90.0,281.27,68.0
training,2026-10-06T00:41:08.299658+00:00,4052.2358469441533,15135.0,98.0,306.5,67.0
training,2026-10-06T00:41:08.299658+00:00,4057.6171301975846,15135.0,88.0,292.59,67.0
training,2026-10-06T00:41:08.299658+00:00,4063.01176071167,15135.0,99.0,323.19,67.0
training,2026-10-06T00:41:08.299658+00:00,4068.4364682659507,15135.0,96.0,295.14,67.0
training,2026-10-06T00:41:08.299658+00:00,4073.8676928654313,15135.0,79.0,292.58,68.0
training,2026-10-06T00:41:08.299658+00:00,4079.3200240433216,15135.0,92.0,288.88,67.0
training,2026-10-06T00:41:08.299658+00:00,4084.6806740239263,15135.0,98.0,299.26,67.0
training,2026-10-06T00:41:08.299658+00:00,4090.115569509566,15135.0,97.0,314.95,66.0
training,2026-10-06T00:41:08.299658+00:00,4095.5360204279423,15135.0,93.0,295.29,67.0
training,2026-10-06T00:41:08.299658+00:00,4100.962510854006,15135.0,94.0,245.14,67.0
training,2026-10-06T00:41:08.299658+00:00,4106.3845376595855,15135.0,99.0,300.44,67.0
training,2026-10-06T00:41:08.299658+00:00,4111.805681556463,15135.0,83.0,290.42,68.0
training,2026-10-06T00:41:08.299658+00:00,4117.207044839859,15135.0,98.0,319.24,69.0
training,2026-10-06T00:41:08.299658+00:00,4122.603300251067,15135.0,98.0,294.52,69.0
training,2026-10-06T00:41:08.299658+00:00,4127.993987120688,15135.0,98.0,296.74,68.0
training,2026-10-06T00:41:08.299658+00:00,4133.400422297418,15135.0,86.0,296.43,68.0
training,2026-10-06T00:41:08.299658+00:00,4138.759185627103,15135.0,92.0,290.29,68.0
training,2026-10-06T00:41:08.299658+00:00,4144.10682258755,15135.0,0.0,92.25,60.0
training,2026-10-06T00:41:08.299658+00:00,4149.4743076860905,15135.0,0.0,89.13,57.0
training,2026-10-06T00:41:08.299658+00:00,4154.870626449585,15135.0,80.0,273.5,64.0
training,2026-10-06T00:41:08.299658+00:00,4160.211462005973,15135.0,98.0,273.91,66.0
training,2026-10-06T00:41:08.299658+00:00,4165.562980949879,15135.0,99.0,308.32,65.0
training,2026-10-06T00:41:08.299658+00:00,4170.954212270677,15135.0,99.0,302.48,66.0
training,2026-10-06T00:41:08.299658+00:00,4176.317096270621,15135.0,98.0,300.77,67.0
training,2026-10-06T00:41:08.299658+00:00,4181.646464303136,15135.0,98.0,294.23,66.0
training,2026-10-06T00:41:08.299658+00:00,4187.027304179966,15135.0,97.0,320.01,66.0
training,2026-10-06T00:41:08.299658+00:00,4192.46955165267,15135.0,97.0,319.48,66.0
training,2026-10-06T00:41:08.299658+00:00,4197.842069871724,15135.0,97.0,302.5,66.0
training,2026-10-06T00:41:08.299658+00:00,4203.277745001018,15135.0,85.0,262.77,66.0
training,2026-10-06T00:41:08.299658+00:00,4208.641552038491,15135.0,88.0,296.89,69.0
training,2026-10-06T00:41:08.299658+00:00,4214.053934343159,15135.0,99.0,297.39,67.0
training,2026-10-06T00:41:08.299658+00:00,4219.435085512698,15135.0,99.0,283.61,68.0
training,2026-10-06T00:41:08.299658+00:00,4224.80062264204,15135.0,88.0,308.58,66.0
training,2026-10-06T00:41:08.299658+00:00,4230.184149362147,15135.0,99.0,294.39,67.0
training,2026-10-06T00:41:08.299658+00:00,4235.629273451865,15135.0,98.0,304.43,66.0
training,2026-10-06T00:41:08.299658+00:00,4241.004812963307,15135.0,98.0,300.98,65.0
training,2026-10-06T00:41:08.299658+00:00,4246.326559096575,15135.0,97.0,315.66,67.0
training,2026-10-06T00:41:08.299658+00:00,4251.7143212631345,15135.0,80.0,294.47,68.0
training,2026-10-06T00:41:08.299658+00:00,4257.128685109317,15135.0,0.0,279.55,62.0
training,2026-10-06T00:41:08.299658+00:00,4262.506739117205,15135.0,98.0,301.1,66.0
training,2026-10-06T00:41:08.299658+00:00,4267.955723829567,15135.0,98.0,310.47,68.0
training,2026-10-06T00:41:08.299658+00:00,4273.365315653384,15135.0,81.0,314.72,66.0
training,2026-10-06T00:41:08.299658+00:00,4278.829806447029,15135.0,94.0,322.54,68.0
training,2026-10-06T00:41:08.299658+00:00,4284.2937791273,15135.0,97.0,300.8,68.0
training,2026-10-06T00:41:08.299658+00:00,4289.676533669233,15135.0,83.0,313.92,68.0
training,2026-10-06T00:41:08.299658+00:00,4295.101322770119,15135.0,89.0,302.06,68.0
training,2026-10-06T00:41:08.299658+00:00,4300.508969537914,15135.0,100.0,318.57,68.0
training,2026-10-06T00:41:08.299658+00:00,4305.9342849850655,2043.0,75.0,159.52,61.0
training,2026-10-06T00:41:08.299658+00:00,4311.245049774647,2043.0,0.0,89.37,58.0
training,2026-10-06T00:41:08.299658+00:00,4316.58301885426,2043.0,0.0,87.92,55.0
training,2026-10-06T00:41:08.299658+00:00,4321.992011465132,2043.0,0.0,86.91,53.0
diagnostics,2026-10-06T01:53:46.113069+00:00,0.3540105074644089,0.0,0.0,89.4,50.0
diagnostics,2026-10-06T01:53:46.113069+00:00,5.682560034096241,0.0,0.0,34.45,46.0
diagnostics,2026-10-06T01:53:46.113069+00:00,10.98964899033308,0.0,0.0,33.96,44.0
diagnostics,2026-10-06T01:53:46.113069+00:00,16.467552706599236,2545.0,2.0,89.2,45.0
diagnostics,2026-10-06T01:53:46.113069+00:00,21.812025509774685,3739.0,1.0,150.79,46.0
diagnostics,2026-10-06T01:53:46.113069+00:00,27.19044315814972,3739.0,100.0,253.0,49.0
diagnostics,2026-10-06T01:53:46.113069+00:00,32.57616975158453,3739.0,100.0,253.23,53.0
diagnostics,2026-10-06T01:53:46.113069+00:00,37.938723765313625,3741.0,95.0,249.64,53.0
diagnostics,2026-10-06T01:53:46.113069+00:00,43.28362753242254,5081.0,0.0,225.99,49.0
diagnostics,2026-10-06T01:53:46.113069+00:00,48.69094540178776,5751.0,4.0,233.46,52.0
diagnostics,2026-10-06T01:53:46.113069+00:00,54.077841967344284,5751.0,100.0,249.61,55.0
diagnostics,2026-10-06T01:53:46.113069+00:00,59.48357844352722,5751.0,94.0,240.05,55.0
diagnostics,2026-10-06T01:53:46.113069+00:00,64.86601936072111,5751.0,44.0,233.21,52.0
diagnostics,2026-10-06T01:53:46.113069+00:00,70.2252793982625,5751.0,100.0,250.55,56.0
diagnostics,2026-10-06T01:53:46.113069+00:00,75.59028897434473,5751.0,93.0,229.5,55.0
diagnostics,2026-10-06T01:53:46.113069+00:00,80.92773809283972,5751.0,100.0,251.72,56.0
diagnostics,2026-10-06T01:53:46.113069+00:00,86.28217083215714,5751.0,58.0,238.7,56.0
diagnostics,2026-10-06T01:53:46.113069+00:00,91.64543296396732,5751.0,100.0,256.2,58.0
diagnostics,2026-10-06T01:53:46.113069+00:00,97.0535913258791,5751.0,92.0,241.87,54.0
diagnostics,2026-10-06T01:53:46.113069+00:00,102.43899938464165,5751.0,15.0,232.62,55.0
diagnostics,2026-10-06T01:53:46.113069+00:00,107.79385006427765,5751.0,44.0,228.53,54.0
diagnostics,2026-10-06T01:53:46.113069+00:00,113.183475099504,5751.0,70.0,221.52,57.0
diagnostics,2026-10-06T01:53:46.113069+00:00,118.55403349548578,5753.0,0.0,148.07,50.0
diagnostics,2026-10-06T01:53:46.113069+00:00,123.94802895188332,5753.0,66.0,231.77,53.0
diagnostics,2026-10-06T01:53:46.113069+00:00,129.3360674455762,5753.0,100.0,236.39,56.0
diagnostics,2026-10-06T01:53:46.113069+00:00,134.68540455400944,5753.0,100.0,230.66,57.0
diagnostics,2026-10-06T01:53:46.113069+00:00,140.03084295988083,3399.0,70.0,126.92,51.0
diagnostics,2026-10-06T01:53:46.113069+00:00,145.4008243381977,3739.0,100.0,251.43,57.0
diagnostics,2026-10-06T01:53:46.113069+00:00,150.77253621816635,5737.0,95.0,249.24,57.0
diagnostics,2026-10-06T01:53:46.113069+00:00,156.1441991329193,5737.0,100.0,248.78,56.0
diagnostics,2026-10-06T01:53:46.113069+00:00,161.50883466005325,3739.0,100.0,265.5,55.0
diagnostics,2026-10-06T01:53:46.113069+00:00,166.83136745542288,3739.0,33.0,229.87,56.0
diagnostics,2026-10-06T01:53:46.113069+00:00,172.2022913917899,5737.0,69.0,235.43,58.0
diagnostics,2026-10-06T01:53:46.113069+00:00,177.5821861922741,5737.0,0.0,196.65,53.0
performance,2026-10-06T01:56:45.621278+00:00,0.38023173063993454,0.0,0.0,87.95,50.0
performance,2026-10-06T01:56:45.621278+00:00,5.785983867943287,433.0,0.0,67.33,48.0
performance,2026-10-06T01:56:45.621278+00:00,11.114693589508533,1055.0,0.0,83.98,47.0
performance,2026-10-06T01:56:45.621278+00:00,16.53335653990507,3061.0,99.0,320.63,55.0
