run_id,model,segment,epoch,step,epoch_training_seconds,epoch_validation_seconds,epoch_checkpoint_seconds,wall_seconds,peak_allocated_bytes,peak_reserved_bytes
dynunet-control-seed0,dynunet,current,1,100,23.25619963929057,94.63783375546336,0.4973548427224159,117.89408683776855,8171400704.0,11270094848.0
dynunet-control-seed0,dynunet,current,2,200,22.555917851626873,6.902962923049927e-06,0.493173785507679,140.95686370879412,8171400704.0,11270094848.0
dynunet-control-seed0,dynunet,current,3,300,22.5923061221838,4.291534423828125e-06,0.550193291157484,164.04443681240082,8171400704.0,11270094848.0
dynunet-control-seed0,dynunet,current,4,400,22.76690634712577,3.1515955924987793e-06,0.47062429040670395,187.36383543908596,8171400704.0,11270094848.0
dynunet-control-seed0,dynunet,current,5,500,22.689143262803555,4.041939973831177e-06,0.46873826533555984,210.52608432620764,8171400704.0,11270094848.0
dynunet-control-seed0,dynunet,current,6,600,22.668444331735373,4.4405460357666016e-06,0.7716463506221771,233.66569346934557,8171400704.0,11270094848.0
dynunet-control-seed0,dynunet,current,7,700,22.662246849387884,3.1888484954833984e-06,0.46339211612939835,257.10183753073215,8171400704.0,11270094848.0
dynunet-control-seed0,dynunet,current,8,800,22.67570699006319,6.809830665588379e-06,0.4738530106842518,280.2434109374881,8171400704.0,11270094848.0
dynunet-control-seed0,dynunet,current,9,900,22.64534892514348,4.038214683532715e-06,0.460014495998621,303.3733400069177,8171400704.0,11270094848.0
dynunet-control-seed0,dynunet,current,10,1000,22.651664920151234,72.19827312603593,0.4986288249492645,398.6855881996453,8171400704.0,11270094848.0
dynunet-control-seed0,dynunet,current,11,1100,22.56630914658308,1.0281801223754883e-06,0.44171448051929474,421.76058426871896,8171400704.0,11270094848.0
dynunet-control-seed0,dynunet,current,12,1200,22.619394842535257,3.4831464290618896e-06,0.45856736972928047,444.8236237876117,8171400704.0,11270094848.0
dynunet-control-seed0,dynunet,current,13,1300,22.631409857422113,4.250556230545044e-06,0.46484943106770515,467.9157584384084,8171400704.0,11270094848.0
dynunet-control-seed0,dynunet,current,14,1400,22.6434664465487,3.028661012649536e-06,0.45666478946805,491.0262122489512,8171400704.0,11270094848.0
dynunet-control-seed0,dynunet,current,15,1500,22.652563143521547,3.0212104320526123e-06,0.45550132170319557,514.1375683397055,8171400704.0,11270094848.0
dynunet-control-seed0,dynunet,current,16,1600,22.63036436587572,1.1622905731201172e-06,0.4690026640892029,537.2256690785289,8171400704.0,11270094848.0
dynunet-control-seed0,dynunet,current,17,1700,22.631777979433537,3.632158041000366e-06,0.45625758171081543,560.3287694118917,8171400704.0,11270094848.0
dynunet-control-seed0,dynunet,current,18,1800,22.636766079813242,3.7141144275665283e-06,0.456338781863451,583.4239982329309,8171400704.0,11270094848.0
dynunet-control-seed0,dynunet,current,19,1900,22.645371057093143,3.21120023727417e-06,0.47772855311632156,606.5278327539563,8171400704.0,11270094848.0
dynunet-control-seed0,dynunet,current,20,2000,22.64843887090683,70.86459527909756,0.48938385024666786,700.5211705006659,8171400704.0,11270094848.0
dynunet-control-seed0,dynunet,current,21,2100,22.612494494765997,1.55717134475708e-06,0.41891949623823166,723.6277903839946,8171400704.0,11270094848.0
dynunet-control-seed0,dynunet,current,22,2200,22.613718889653683,4.373490810394287e-06,0.45552682131528854,746.6620917655528,8171400704.0,11270094848.0
dynunet-control-seed0,dynunet,current,23,2300,22.628164246678352,4.190951585769653e-06,0.5160777419805527,769.7539170756936,8171400704.0,11270094848.0
dynunet-control-seed0,dynunet,current,24,2400,22.64177642017603,9.685754776000977e-07,0.479831974953413,792.913860950619,8171400704.0,11270094848.0
dynunet-control-seed0,dynunet,current,25,2500,22.635916355997324,5.930662155151367e-06,0.486030500382185,816.0392528325319,8171400704.0,11270094848.0
dynunet-control-seed0,dynunet,current,26,2600,22.622494086623192,5.338340997695923e-06,0.4712669774889946,839.1500531472266,8171400704.0,11270094848.0
dynunet-control-seed0,dynunet,current,27,2700,22.63167977705598,7.4803829193115234e-06,0.4660213105380535,862.2553289718926,8171400704.0,11270094848.0
dynunet-control-seed0,dynunet,current,28,2800,22.633738439530134,1.0021030902862549e-06,0.4579179510474205,885.3573222272098,8171400704.0,11270094848.0
dynunet-control-seed0,dynunet,current,29,2900,22.637904662638903,4.064291715621948e-06,0.4572370611131191,908.4551665559411,8171400704.0,11270094848.0
dynunet-control-seed0,dynunet,current,30,3000,22.644253127276897,70.83005797863007,0.5024540759623051,1002.3888736143708,8171400704.0,11270094848.0
dynunet-control-seed0,dynunet,current,31,3100,22.559843752533197,9.01147723197937e-06,0.43241702392697334,1025.4562350399792,8171400704.0,11270094848.0
dynunet-control-seed0,dynunet,current,32,3200,22.59068399295211,1.0356307029724121e-06,0.46055980771780014,1048.481273829937,8171400704.0,11270094848.0
dynunet-control-seed0,dynunet,current,33,3300,22.61756182461977,5.159527063369751e-06,0.4677969217300415,1071.5616876520216,8171400704.0,11270094848.0
dynunet-control-seed0,dynunet,current,34,3400,22.63168867304921,3.63960862159729e-06,0.4674321860074997,1094.6635862737894,8171400704.0,11270094848.0
dynunet-control-seed0,dynunet,current,35,3500,22.6412432231009,8.247792720794678e-06,0.45189351215958595,1117.7745125852525,8171400704.0,11270094848.0
dynunet-control-seed0,dynunet,current,36,3600,22.651690185070038,1.1138617992401123e-06,0.4516887441277504,1140.880234543234,8171400704.0,11270094848.0
dynunet-control-seed0,dynunet,current,37,3700,22.658444620668888,4.537403583526611e-06,0.4722806364297867,1163.9923996664584,8171400704.0,11270094848.0
dynunet-control-seed0,dynunet,current,38,3800,22.664093032479286,3.889203071594238e-06,0.46847032755613327,1187.1309029497206,8171400704.0,11270094848.0
dynunet-control-seed0,dynunet,current,39,3900,22.789743024855852,2.857297658920288e-06,0.45693911239504814,1210.3913714140654,8171400704.0,11270094848.0
dynunet-control-seed0,dynunet,current,40,4000,22.67421967163682,72.40650785714388,0.4772818759083748,1305.9313947744668,8171400704.0,11270094848.0
dynunet-control-seed0,dynunet,current,41,4100,22.565549861639738,4.019588232040405e-06,0.4561319276690483,1328.9791182540357,8171400704.0,11270094848.0
dynunet-control-seed0,dynunet,current,42,4200,22.590900782495737,4.079192876815796e-06,0.4647425450384617,1352.0284529849887,8171400704.0,11270094848.0
dynunet-control-seed0,dynunet,current,43,4300,22.617391392588615,3.680586814880371e-06,0.47581056132912636,1375.112795200199,8171400704.0,11270094848.0
dynunet-control-seed0,dynunet,current,44,4400,22.635060101747513,9.723007678985596e-07,0.45732783898711205,1398.225960843265,8171400704.0,11270094848.0
dynunet-control-seed0,dynunet,current,45,4500,22.60579426214099,3.885477781295776e-06,0.4748486317694187,1421.2993507757783,8171400704.0,11270094848.0
dynunet-control-seed0,dynunet,current,46,4600,22.60713631287217,3.926455974578857e-06,0.501628652215004,1444.3835745155811,8171400704.0,11270094848.0
dynunet-control-seed0,dynunet,current,47,4700,22.613546952605247,3.919005393981934e-06,0.4625250808894634,1467.5008982494473,8171400704.0,11270094848.0
dynunet-control-seed0,dynunet,current,48,4800,22.62060844525695,9.499490261077881e-07,0.45871130004525185,1490.5863597020507,8171400704.0,11270094848.0
dynunet-control-seed0,dynunet,current,49,4900,22.635716397315264,4.362314939498901e-06,0.4576336182653904,1513.6933786347508,8171400704.0,11270094848.0
dynunet-control-seed0,dynunet,current,50,5000,22.628672406077385,72.90605731680989,0.5169194303452969,1609.6880060657859,8171400704.0,11270094848.0
dynunet-control-seed0,dynunet,current,51,5100,22.55950729176402,1.1809170246124268e-06,0.45559194311499596,1632.769220739603,8171400704.0,11270094848.0
dynunet-control-seed0,dynunet,current,52,5200,22.594230875372887,3.5800039768218994e-06,0.4704207256436348,1655.8208924531937,8171400704.0,11270094848.0
dynunet-control-seed0,dynunet,current,53,5300,22.619762741029263,4.902482032775879e-06,0.4812980405986309,1678.9132117629051,8171400704.0,11270094848.0
dynunet-control-seed0,dynunet,current,54,5400,22.647926684468985,3.6992132663726807e-06,0.46219249442219734,1702.0530066080391,8171400704.0,11270094848.0
dynunet-control-seed0,dynunet,current,55,5500,22.645070862025023,3.7923455238342285e-06,0.4655377231538296,1725.162684313953,8171400704.0,11270094848.0
dynunet-control-seed0,dynunet,current,56,5600,22.62614419683814,3.6284327507019043e-06,0.48608069494366646,1748.2565424069762,8171400704.0,11270094848.0
dynunet-mass50-seed0,dynunet,current,1,100,23.14278068393469,95.31543309986591,0.44148043915629387,118.45824678242207,8171400704.0,11270094848.0
dynunet-mass50-seed0,dynunet,current,2,200,22.543910689651966,9.641051292419434e-06,0.4736302047967911,141.448116581887,8171400704.0,11270094848.0
dynunet-mass50-seed0,dynunet,current,3,300,22.61740107834339,4.038214683532715e-06,0.5017293840646744,164.5489730834961,8171400704.0,11270094848.0
dynunet-mass50-seed0,dynunet,current,4,400,22.759971514344215,1.0058283805847168e-06,0.46695028617978096,187.81919289380312,8171400704.0,11270094848.0
dynunet-mass50-seed0,dynunet,current,5,500,22.666074734181166,3.509223461151123e-06,0.45879605412483215,210.95433136448264,8171400704.0,11270094848.0
dynunet-mass50-seed0,dynunet,current,6,600,22.680005341768265,3.1068921089172363e-06,0.45311494171619415,234.10439464077353,8171400704.0,11270094848.0
dynunet-mass50-seed0,dynunet,current,7,700,22.68941594287753,3.4533441066741943e-06,0.4725642576813698,257.57476076483727,8171400704.0,11270094848.0
dynunet-mass50-seed0,dynunet,current,8,800,22.69603442773223,7.145106792449951e-06,0.4632164351642132,280.74554862082005,8171400704.0,11270094848.0
dynunet-mass50-seed0,dynunet,current,9,900,22.677320264279842,3.0659139156341553e-06,0.45774153992533684,303.88815446570516,8171400704.0,11270094848.0
dynunet-mass50-seed0,dynunet,current,10,1000,22.668528214097023,68.95875203236938,0.49846022203564644,395.9754574634135,8171400704.0,11270094848.0
dynunet-mass50-seed0,dynunet,current,11,1100,22.607833493500948,4.641711711883545e-06,0.43333685770630836,419.08697083592415,8171400704.0,11270094848.0
dynunet-mass50-seed0,dynunet,current,12,1200,22.669993083924055,2.998858690261841e-06,0.4683472514152527,442.19218853116035,8171400704.0,11270094848.0
dynunet-mass50-seed0,dynunet,current,13,1300,22.698445700109005,2.8721988201141357e-06,0.470006313174963,465.3609689064324,8171400704.0,11270094848.0
dynunet-mass50-seed0,dynunet,current,14,1400,22.710728954523802,2.946704626083374e-06,0.471416674554348,488.54405872896314,8171400704.0,11270094848.0
dynunet-mass50-seed0,dynunet,current,15,1500,22.70596992224455,3.0994415283203125e-06,0.46788713708519936,511.7233646661043,8171400704.0,11270094848.0
dynunet-mass50-seed0,dynunet,current,16,1600,22.71453996002674,4.9211084842681885e-06,0.4536759965121746,534.908129196614,8171400704.0,11270094848.0
dynunet-mass50-seed0,dynunet,current,17,1700,22.712966822087765,3.0994415283203125e-06,0.4686868004500866,558.0769401304424,8171400704.0,11270094848.0
dynunet-mass50-seed0,dynunet,current,18,1800,22.706075191497803,7.3499977588653564e-06,0.46300483867526054,581.2537721507251,8171400704.0,11270094848.0
dynunet-mass50-seed0,dynunet,current,19,1900,22.69032170623541,4.220753908157349e-06,0.4645262882113457,604.4093915522099,8171400704.0,11270094848.0
dynunet-mass50-seed0,dynunet,current,20,2000,22.71237873658538,74.96375447511673,0.5053626075387001,702.5523425713181,8171400704.0,11270094848.0
dynunet-mass50-seed0,dynunet,current,21,2100,22.741981327533722,1.7136335372924805e-06,0.42065850272774696,725.8045638501644,8171400704.0,11270094848.0
dynunet-mass50-seed0,dynunet,current,22,2200,22.671690836548805,3.1515955924987793e-06,0.4757608287036419,748.8989162668586,8171400704.0,11270094848.0
dynunet-mass50-seed0,dynunet,current,23,2300,22.688418988138437,4.678964614868164e-06,0.458527322858572,772.065307945013,8171400704.0,11270094848.0
dynunet-mass50-seed0,dynunet,current,24,2400,22.697355076670647,6.172806024551392e-06,0.454232357442379,795.2236824929714,8171400704.0,11270094848.0
dynunet-mass50-seed0,dynunet,current,25,2500,22.71056131273508,3.3192336559295654e-06,0.46047667413949966,818.3909784555435,8171400704.0,11270094848.0
dynunet-mass50-seed0,dynunet,current,26,2600,22.695559289306402,3.1329691410064697e-06,0.4665739834308624,841.5492856577039,8171400704.0,11270094848.0
dynunet-mass50-seed0,dynunet,current,27,2700,22.669053461402655,7.003545761108398e-07,0.4695914089679718,864.6869931705296,8171400704.0,11270094848.0
dynunet-mass50-seed0,dynunet,current,28,2800,22.677809931337833,3.7848949432373047e-06,0.45521219074726105,887.8365041166544,8171400704.0,11270094848.0
dynunet-mass50-seed0,dynunet,current,29,2900,22.69180866330862,3.2335519790649414e-06,0.5196917653083801,910.9857873953879,8171400704.0,11270094848.0
dynunet-mass50-seed0,dynunet,current,30,3000,22.67358035966754,69.8122361600399,0.49175847321748734,1003.9934961982071,8171400704.0,11270094848.0
dynunet-mass50-seed0,dynunet,current,31,3100,22.626698348671198,2.9690563678741455e-06,0.42007461562752724,1027.116878900677,8171400704.0,11270094848.0
dynunet-mass50-seed0,dynunet,current,32,3200,22.67762828990817,6.77257776260376e-06,0.4550704024732113,1050.2165085822344,8171400704.0,11270094848.0
dynunet-mass50-seed0,dynunet,current,33,3300,22.69316391646862,7.010996341705322e-06,0.4670083522796631,1073.3669188953936,8171400704.0,11270094848.0
dynunet-mass50-seed0,dynunet,current,34,3400,22.7012219466269,1.0617077350616455e-06,0.4666210226714611,1096.537480276078,8171400704.0,11270094848.0
dynunet-mass50-seed0,dynunet,current,35,3500,22.707650247961283,3.4421682357788086e-06,0.4604530483484268,1119.7140019796789,8171400704.0,11270094848.0
dynunet-mass50-seed0,dynunet,current,36,3600,22.70552285760641,4.168599843978882e-06,0.466778289526701,1142.882169753313,8171400704.0,11270094848.0
dynunet-mass50-seed0,dynunet,current,37,3700,22.678353674709797,8.605420589447021e-07,0.4671052135527134,1166.0295342691243,8171400704.0,11270094848.0
dynunet-mass50-seed0,dynunet,current,38,3800,22.689858313649893,7.420778274536133e-06,0.4633103646337986,1189.1887854970992,8171400704.0,11270094848.0
dynunet-mass50-seed0,dynunet,current,39,3900,22.82192948460579,3.341585397720337e-06,0.45902055501937866,1212.476466551423,8171400704.0,11270094848.0
dynunet-mass50-seed0,dynunet,current,40,4000,22.683074209839106,70.44515310227871,0.47268928587436676,1306.0659550838172,8171400704.0,11270094848.0
dynunet-mass50-seed0,dynunet,current,41,4100,22.61022762954235,1.1920928955078125e-06,0.44933030009269714,1329.1534729152918,8171400704.0,11270094848.0
dynunet-mass50-seed0,dynunet,current,42,4200,22.672117918729782,3.285706043243408e-06,0.4502098299562931,1352.2771293781698,8171400704.0,11270094848.0
dynunet-mass50-seed0,dynunet,current,43,4300,22.685959838330746,3.3229589462280273e-06,0.4587680958211422,1375.4155491478741,8171400704.0,11270094848.0
dynunet-mass50-seed0,dynunet,current,44,4400,22.69463426247239,1.210719347000122e-06,0.4693082384765148,1398.5712907388806,8171400704.0,11270094848.0
dynunet-mass50-seed0,dynunet,current,45,4500,22.720743529498577,2.9802322387695312e-06,0.4971756786108017,1421.7636737078428,8171400704.0,11270094848.0
dynunet-mass50-seed0,dynunet,current,46,4600,22.714550461620092,3.9711594581604e-06,0.5146986804902554,1444.9774644225836,8171400704.0,11270094848.0
dynunet-mass50-seed0,dynunet,current,47,4700,22.72201630845666,2.820044755935669e-06,0.4735855720937252,1468.2165062017739,8171400704.0,11270094848.0
dynunet-mass50-seed0,dynunet,current,48,4800,22.716698084026575,1.0579824447631836e-06,0.4639104790985584,1491.4090846665204,8171400704.0,11270094848.0
dynunet-mass50-seed0,dynunet,current,49,4900,22.720625773072243,4.380941390991211e-06,0.47392257675528526,1514.59584653005,8171400704.0,11270094848.0
dynunet-mass50-seed0,dynunet,current,50,5000,22.704092349857092,68.2137124016881,0.48696404322981834,1605.991565324366,8171400704.0,11270094848.0
dynunet-mass50-seed0,dynunet,current,51,5100,22.608253065496683,1.0501593351364136e-05,0.4697193317115307,1629.0917624682188,8171400704.0,11270094848.0
dynunet-mass50-seed0,dynunet,current,52,5200,22.662095431238413,6.917864084243774e-06,0.4856967106461525,1652.225764401257,8171400704.0,11270094848.0
dynunet-mass50-seed0,dynunet,current,53,5300,22.68363804742694,3.7923455238342285e-06,0.4739859588444233,1675.3973324596882,8171400704.0,11270094848.0
dynunet-mass50-seed0,dynunet,current,54,5400,22.701620560139418,8.940696716308594e-07,0.4590927064418793,1698.5811539068818,8171400704.0,11270094848.0
dynunet-mass50-seed0,dynunet,current,55,5500,22.714700646698475,3.468245267868042e-06,0.4631255120038986,1721.7570777721703,8171400704.0,11270094848.0
dynunet-mass50-seed0,dynunet,current,56,5600,22.889441899955273,9.909272193908691e-07,0.4780566468834877,1745.11193459481,8171400704.0,11270094848.0
dynunet-class111-seed0,dynunet,current,1,100,23.09061997383833,95.5392894744873,0.491897638887167,118.62994561716914,8171400704.0,11270094848.0
dynunet-class111-seed0,dynunet,current,2,200,22.62339510396123,1.0319054126739502e-05,0.4389766491949558,141.74971026182175,8171400704.0,11270094848.0
dynunet-class111-seed0,dynunet,current,3,300,22.66100564599037,3.1478703022003174e-06,0.47581519186496735,164.85161601379514,8171400704.0,11270094848.0
dynunet-class111-seed0,dynunet,current,4,400,22.867626134306192,3.2633543014526367e-06,0.4576650485396385,188.19722620770335,8171400704.0,11270094848.0
dynunet-class111-seed0,dynunet,current,5,500,22.692014183849096,3.427267074584961e-06,0.47103575989603996,211.35701896250248,8171400704.0,11270094848.0
dynunet-class111-seed0,dynunet,current,6,600,22.703844156116247,3.419816493988037e-06,0.46067438647150993,234.53430729359388,8171400704.0,11270094848.0
dynunet-class111-seed0,dynunet,current,7,700,22.961421217769384,3.4458935260772705e-06,0.477717787027359,257.9585036151111,8171400704.0,11270094848.0
dynunet-class111-seed0,dynunet,current,8,800,22.737776156514883,2.689659595489502e-06,0.4655933082103729,281.1831833831966,8171400704.0,11270094848.0
dynunet-class111-seed0,dynunet,current,9,900,22.74995319545269,9.126961231231689e-07,0.4751078933477402,304.4008443765342,8171400704.0,11270094848.0
dynunet-class111-seed0,dynunet,current,10,1000,22.74768541753292,73.57648239657283,0.5053606890141964,401.2023132815957,8171400704.0,11270094848.0
dynunet-class111-seed0,dynunet,current,11,1100,22.668499559164047,3.7141144275665283e-06,0.4356316924095154,424.38118850439787,8171400704.0,11270094848.0
dynunet-class111-seed0,dynunet,current,12,1200,22.70608102157712,4.362314939498901e-06,0.46056750044226646,447.5249051377177,8171400704.0,11270094848.0
dynunet-class111-seed0,dynunet,current,13,1300,22.748976323753595,4.656612873077393e-06,0.4791933000087738,470.7365918904543,8171400704.0,11270094848.0
dynunet-class111-seed0,dynunet,current,14,1400,22.76131120324135,3.2782554626464844e-06,0.4659448079764843,493.97937684878707,8171400704.0,11270094848.0
dynunet-class111-seed0,dynunet,current,15,1500,22.735684867948294,3.3602118492126465e-06,0.464226383715868,517.1829588189721,8171400704.0,11270094848.0
dynunet-class111-seed0,dynunet,current,16,1600,22.74060571193695,3.986060619354248e-06,0.46965256705880165,540.3900356553495,8171400704.0,11270094848.0
dynunet-class111-seed0,dynunet,current,17,1700,22.75652441754937,9.350478649139404e-07,0.47167178988456726,563.6270146407187,8171400704.0,11270094848.0
dynunet-class111-seed0,dynunet,current,18,1800,22.74959298968315,3.2410025596618652e-06,0.5214397385716438,586.8506261669099,8171400704.0,11270094848.0
dynunet-class111-seed0,dynunet,current,19,1900,22.752417121082544,3.4980475902557373e-06,0.46760376170277596,610.1266883835196,8171400704.0,11270094848.0
dynunet-class111-seed0,dynunet,current,20,2000,22.77388735488057,75.25859310850501,0.5014271885156631,708.6290214881301,8171400704.0,11270094848.0
dynunet-class111-seed0,dynunet,current,21,2100,22.655617840588093,3.0174851417541504e-06,0.4312816262245178,731.7909188531339,8171400704.0,11270094848.0
dynunet-class111-seed0,dynunet,current,22,2200,22.834724511951208,1.0058283805847168e-06,0.4597147926688194,755.0589380450547,8171400704.0,11270094848.0
dynunet-class111-seed0,dynunet,current,23,2300,22.74831362813711,3.6656856536865234e-06,0.4676523692905903,778.269179482013,8171400704.0,11270094848.0
dynunet-class111-seed0,dynunet,current,24,2400,22.77952293679118,7.145106792449951e-06,0.46669047325849533,801.5185756087303,8171400704.0,11270094848.0
dynunet-class111-seed0,dynunet,current,25,2500,22.791980605572462,9.723007678985596e-07,0.48234742507338524,824.7796054705977,8171400704.0,11270094848.0
dynunet-class111-seed0,dynunet,current,26,2600,22.79998530447483,1.2449920177459717e-05,0.744522824883461,848.0644228048623,8171400704.0,11270094848.0
dynunet-class111-seed0,dynunet,current,27,2700,22.793766368180513,8.828938007354736e-06,0.44738321751356125,871.6047527641058,8171400704.0,11270094848.0
dynunet-class111-seed0,dynunet,current,28,2800,22.796147100627422,2.8386712074279785e-06,0.47239062935113907,894.8504951819777,8171400704.0,11270094848.0
dynunet-class111-seed0,dynunet,current,29,2900,22.762431621551514,4.820525646209717e-06,0.4638623408973217,918.0875893570483,8171400704.0,11270094848.0
dynunet-class111-seed0,dynunet,current,30,3000,22.783839136362076,70.85616008192301,0.491398137062788,1012.1937419995666,8171400704.0,11270094848.0
dynunet-class111-seed0,dynunet,current,31,3100,22.66344966366887,3.3266842365264893e-06,0.4152170568704605,1035.353316437453,8171400704.0,11270094848.0
dynunet-class111-seed0,dynunet,current,32,3200,22.71213748678565,6.128102540969849e-06,0.47044819965958595,1058.4825628697872,8171400704.0,11270094848.0
dynunet-class111-seed0,dynunet,current,33,3300,22.74504829198122,2.998858690261841e-06,0.4498487412929535,1081.7001786641777,8171400704.0,11270094848.0
dynunet-class111-seed0,dynunet,current,34,3400,22.76043452695012,3.4011900424957275e-06,0.47327812016010284,1104.9124787524343,8171400704.0,11270094848.0
dynunet-class111-seed0,dynunet,current,35,3500,22.792024549096823,8.765608072280884e-06,0.463078998029232,1128.1799475625157,8171400704.0,11270094848.0
dynunet-class111-seed0,dynunet,current,36,3600,22.802154023200274,6.239861249923706e-06,0.4617663696408272,1151.4474287442863,8171400704.0,11270094848.0
dynunet-class111-seed0,dynunet,current,37,3700,22.799849588423967,2.726912498474121e-06,0.4560726247727871,1174.7111269459128,8171400704.0,11270094848.0
dynunet-class111-seed0,dynunet,current,38,3800,22.782888870686293,8.493661880493164e-07,0.4581669718027115,1197.9523379653692,8171400704.0,11270094848.0
dynunet-class111-seed0,dynunet,current,39,3900,22.80133580416441,9.350478649139404e-07,0.46918951719999313,1221.214122120291,8171400704.0,11270094848.0
dynunet-class111-seed0,dynunet,current,40,4000,22.769619919359684,66.18658459931612,0.5090063475072384,1310.6416749693453,8171400704.0,11270094848.0
dynunet-class111-seed0,dynunet,current,41,4100,22.672172136604786,7.849186658859253e-06,0.42469096183776855,1333.8280379846692,8171400704.0,11270094848.0
dynunet-class111-seed0,dynunet,current,42,4200,22.739170357584953,1.300126314163208e-06,0.46065374091267586,1356.9939393177629,8171400704.0,11270094848.0
dynunet-class111-seed0,dynunet,current,43,4300,22.780313812196255,3.159046173095703e-06,0.4777495600283146,1380.2457652539015,8171400704.0,11270094848.0
dynunet-class111-seed0,dynunet,current,44,4400,22.77463173493743,3.334134817123413e-06,0.5154268071055412,1403.5004109218717,8171400704.0,11270094848.0
dynunet-class111-seed0,dynunet,current,45,4500,22.749260786920786,1.0095536708831787e-06,0.4793108105659485,1426.767052795738,8171400704.0,11270094848.0
dynunet-class111-seed0,dynunet,current,46,4600,22.764791022986174,3.4496188163757324e-06,0.45187417790293694,1450.020007751882,8171400704.0,11270094848.0
dynunet-class111-seed0,dynunet,current,47,4700,22.772660695016384,4.954636096954346e-06,0.4683101028203964,1473.2469347566366,8171400704.0,11270094848.0
dynunet-class111-seed0,dynunet,current,48,4800,22.77898996323347,9.052455425262451e-07,0.4714404121041298,1496.4966267831624,8171400704.0,11270094848.0
dynunet-class111-seed0,dynunet,current,49,4900,22.77868491411209,8.851289749145508e-06,0.44999587163329124,1519.7492371834815,8171400704.0,11270094848.0
dynunet-class111-seed0,dynunet,current,50,5000,22.774159643799067,69.40247470512986,0.5118246711790562,1612.3781877160072,8171400704.0,11270094848.0
dynunet-class111-seed0,dynunet,current,51,5100,22.665777519345284,3.6172568798065186e-06,0.44055507704615593,1635.560537379235,8171400704.0,11270094848.0
dynunet-class111-seed0,dynunet,current,52,5200,22.72678442299366,3.039836883544922e-06,0.4757784940302372,1658.7296157293022,8171400704.0,11270094848.0
dynunet-class111-seed0,dynunet,current,53,5300,22.76662078872323,2.942979335784912e-06,0.4745997302234173,1681.974091719836,8171400704.0,11270094848.0
dynunet-class111-seed0,dynunet,current,54,5400,22.77928338944912,1.1026859283447266e-06,0.4593917056918144,1705.2301411628723,8171400704.0,11270094848.0
dynunet-class111-seed0,dynunet,current,55,5500,22.797717407345772,3.0621886253356934e-06,0.45438938215374947,1728.4894372038543,8171400704.0,11270094848.0
dynunet-class111-seed0,dynunet,current,56,5600,22.80265188217163,7.208436727523804e-06,0.47172821685671806,1751.748698182404,8171400704.0,11270094848.0
dynunet-class115-seed0,dynunet,current,1,100,23.28925497084856,94.52687214687467,0.4886995851993561,117.8161707110703,8171400704.0,11270094848.0
dynunet-class115-seed0,dynunet,current,2,200,22.61321609467268,5.010515451431274e-06,0.4686635546386242,140.92277835309505,8171400704.0,11270094848.0
dynunet-class115-seed0,dynunet,current,3,300,22.696412086486816,5.111098289489746e-06,0.5248459428548813,164.0973981656134,8171400704.0,11270094848.0
dynunet-class115-seed0,dynunet,current,4,400,23.013138249516487,2.693384885787964e-06,0.5250851474702358,187.64553210511804,8171400704.0,11270094848.0
dynunet-class115-seed0,dynunet,current,5,500,22.700829215347767,3.5017728805541992e-06,0.4782976470887661,210.87362971901894,8171400704.0,11270094848.0
dynunet-class115-seed0,dynunet,current,6,600,22.772550705820322,1.4610588550567627e-05,0.541703388094902,234.16430535539985,8171400704.0,11270094848.0
dynunet-class115-seed0,dynunet,current,7,700,22.73033595830202,2.7194619178771973e-06,0.4736367240548134,257.438593134284,8171400704.0,11270094848.0
dynunet-class115-seed0,dynunet,current,8,800,22.742549397051334,3.550201654434204e-06,0.45552287995815277,280.6571882367134,8171400704.0,11270094848.0
dynunet-class115-seed0,dynunet,current,9,900,22.753895815461874,7.119029760360718e-06,0.44461359083652496,303.86885806545615,8171400704.0,11270094848.0
dynunet-class115-seed0,dynunet,current,10,1000,22.756302449852228,69.31579783558846,0.5501447468996048,396.38799047097564,8171400704.0,11270094848.0
dynunet-class115-seed0,dynunet,current,11,1100,22.647250831127167,6.806105375289917e-06,0.4285256862640381,419.5903139822185,8171400704.0,11270094848.0
dynunet-class115-seed0,dynunet,current,12,1200,22.69863037392497,3.5725533962249756e-06,0.4806143641471863,442.72816782817245,8171400704.0,11270094848.0
dynunet-class115-seed0,dynunet,current,13,1300,22.7211158759892,3.4905970096588135e-06,0.457635048776865,465.93220295757055,8171400704.0,11270094848.0
dynunet-class115-seed0,dynunet,current,14,1400,22.740108136087656,6.332993507385254e-07,0.46405765041708946,489.1323550902307,8171400704.0,11270094848.0
dynunet-class115-seed0,dynunet,current,15,1500,22.712119344621897,7.223337888717651e-06,0.45378489047288895,512.3106204271317,8171400704.0,11270094848.0
dynunet-class115-seed0,dynunet,current,16,1600,22.71977410838008,3.4421682357788086e-06,0.4658569432795048,535.4865100197494,8171400704.0,11270094848.0
dynunet-class115-seed0,dynunet,current,17,1700,22.720025416463614,3.4905970096588135e-06,0.4488905742764473,558.6746353916824,8171400704.0,11270094848.0
dynunet-class115-seed0,dynunet,current,18,1800,22.719990335404873,7.29784369468689e-06,0.46533020213246346,581.8457813635468,8171400704.0,11270094848.0
dynunet-class115-seed0,dynunet,current,19,1900,22.72735147923231,3.3937394618988037e-06,0.4655766226351261,605.0407306663692,8171400704.0,11270094848.0
dynunet-class115-seed0,dynunet,current,20,2000,22.72745795175433,72.78689900785685,0.4711187370121479,701.0229485556483,8171400704.0,11270094848.0
dynunet-class115-seed0,dynunet,current,21,2100,22.782913651317358,9.611248970031738e-07,0.4662746414542198,724.2817629016936,8171400704.0,11270094848.0
dynunet-class115-seed0,dynunet,current,22,2200,22.685049191117287,2.5816261768341064e-06,0.4662006199359894,747.4353377893567,8171400704.0,11270094848.0
dynunet-class115-seed0,dynunet,current,23,2300,22.715116173028946,5.6996941566467285e-06,0.4708319567143917,770.6187213547528,8171400704.0,11270094848.0
dynunet-class115-seed0,dynunet,current,24,2400,22.71076100319624,5.379319190979004e-06,0.4698628596961498,793.8025077208877,8171400704.0,11270094848.0
dynunet-class115-seed0,dynunet,current,25,2500,22.718603789806366,4.049390554428101e-06,0.46475426107645035,816.9934031665325,8171400704.0,11270094848.0
dynunet-class115-seed0,dynunet,current,26,2600,22.72025242447853,8.497387170791626e-06,0.4623395688831806,840.1805989220738,8171400704.0,11270094848.0
dynunet-class115-seed0,dynunet,current,27,2700,22.724073506891727,2.902001142501831e-06,0.49169232323765755,863.3692560717463,8171400704.0,11270094848.0
dynunet-class115-seed0,dynunet,current,28,2800,22.724238570779562,9.499490261077881e-07,0.4792404882609844,886.5874044038355,8171400704.0,11270094848.0
dynunet-class115-seed0,dynunet,current,29,2900,22.73191773146391,9.033828973770142e-06,0.4666430503129959,909.8051564134657,8171400704.0,11270094848.0
dynunet-class115-seed0,dynunet,current,30,3000,22.73815681040287,74.6210578493774,0.4854596257209778,1007.6331226080656,8171400704.0,11270094848.0
dynunet-class115-seed0,dynunet,current,31,3100,22.63642083480954,8.530914783477783e-07,0.4390547536313534,1030.7596138194203,8171400704.0,11270094848.0
dynunet-class115-seed0,dynunet,current,32,3200,22.685980591923,9.141862392425537e-06,0.48107585683465004,1053.8864916116,8171400704.0,11270094848.0
dynunet-class115-seed0,dynunet,current,33,3300,22.703409507870674,3.4905970096588135e-06,0.46102476119995117,1077.073436383158,8171400704.0,11270094848.0
dynunet-class115-seed0,dynunet,current,34,3400,22.707869175821543,3.840774297714233e-06,0.46756840124726295,1100.24457090348,8171400704.0,11270094848.0
dynunet-class115-seed0,dynunet,current,35,3500,22.70685513690114,2.864748239517212e-06,0.4665101692080498,1123.4212567582726,8171400704.0,11270094848.0
dynunet-class115-seed0,dynunet,current,36,3600,22.71610479056835,3.28943133354187e-06,0.4650922678411007,1146.6062227413058,8171400704.0,11270094848.0
dynunet-class115-seed0,dynunet,current,37,3700,22.720418516546488,9.611248970031738e-07,0.4633944034576416,1169.7939677201211,8171400704.0,11270094848.0
dynunet-class115-seed0,dynunet,current,38,3800,22.72644679620862,3.207474946975708e-06,0.4693107530474663,1192.9861174300313,8171400704.0,11270094848.0
dynunet-class115-seed0,dynunet,current,39,3900,22.887449886649847,4.220753908157349e-06,0.46666378900408745,1216.3450755178928,8171400704.0,11270094848.0
dynunet-class115-seed0,dynunet,current,40,4000,22.730395443737507,67.54141463711858,0.45687127485871315,1307.0857727564871,8171400704.0,11270094848.0
dynunet-class115-seed0,dynunet,current,41,4100,22.65544907003641,1.0281801223754883e-06,0.4657367058098316,1330.203021928668,8171400704.0,11270094848.0
dynunet-class115-seed0,dynunet,current,42,4200,22.70719638094306,3.777444362640381e-06,0.45196888223290443,1353.3783135414124,8171400704.0,11270094848.0
dynunet-class115-seed0,dynunet,current,43,4300,22.739359114319086,3.3676624298095703e-06,0.4468059502542019,1376.5718222409487,8171400704.0,11270094848.0
dynunet-class115-seed0,dynunet,current,44,4400,22.74744661897421,3.4086406230926514e-06,0.44621630758047104,1399.7681818827987,8171400704.0,11270094848.0
dynunet-class115-seed0,dynunet,current,45,4500,22.797319248318672,8.977949619293213e-07,0.47112932801246643,1423.0136887170374,8171400704.0,11270094848.0
dynunet-class115-seed0,dynunet,current,46,4600,22.76050189882517,3.200024366378784e-06,0.45034945011138916,1446.247480072081,8171400704.0,11270094848.0
dynunet-class115-seed0,dynunet,current,47,4700,22.772791761904955,3.680586814880371e-06,0.4573710858821869,1469.4727580696344,8171400704.0,11270094848.0
dynunet-class115-seed0,dynunet,current,48,4800,22.74830762669444,3.4533441066741943e-06,0.4695213735103607,1492.6804715581238,8171400704.0,11270094848.0
dynunet-class115-seed0,dynunet,current,49,4900,22.735411062836647,8.195638656616211e-07,0.4671509675681591,1515.887570746243,8171400704.0,11270094848.0
dynunet-class115-seed0,dynunet,current,50,5000,22.748348336666822,69.98945780470967,0.48203690722584724,1609.0946282446384,8171400704.0,11270094848.0
dynunet-class115-seed0,dynunet,current,51,5100,22.649852540344,3.1888484954833984e-06,0.4134608432650566,1632.2316343933344,8171400704.0,11270094848.0
dynunet-class115-seed0,dynunet,current,52,5200,22.7025986649096,7.674098014831543e-06,0.46855906024575233,1655.3494571447372,8171400704.0,11270094848.0
dynunet-class115-seed0,dynunet,current,53,5300,22.727406349033117,3.3080577850341797e-06,0.4478522725403309,1678.547857426107,8171400704.0,11270094848.0
dynunet-class115-seed0,dynunet,current,54,5400,22.744188636541367,3.2186508178710938e-06,0.47126054391264915,1701.7420333623886,8171400704.0,11270094848.0
dynunet-class115-seed0,dynunet,current,55,5500,22.755629502236843,9.112060070037842e-06,0.4773675724864006,1724.9842585548759,8171400704.0,11270094848.0
dynunet-class115-seed0,dynunet,current,56,5600,22.766792431473732,9.350478649139404e-07,0.463954571634531,1748.2306166179478,8171400704.0,11270094848.0
dynunet-rotation-seed0,dynunet,current,1,100,24.84499331563711,93.37789753824472,0.463910773396492,118.22292859479785,8171400704.0,11270094848.0
dynunet-rotation-seed0,dynunet,current,2,200,22.71171209588647,5.319714546203613e-06,0.5072431974112988,141.402758538723,8171400704.0,11270094848.0
dynunet-rotation-seed0,dynunet,current,3,300,22.79089690744877,7.525086402893066e-07,0.5086650103330612,164.70907302200794,8171400704.0,11270094848.0
dynunet-rotation-seed0,dynunet,current,4,400,23.10628478974104,2.9727816581726074e-06,0.5577447265386581,188.32609662786126,8171400704.0,11270094848.0
dynunet-rotation-seed0,dynunet,current,5,500,22.883827980607748,7.227063179016113e-06,0.49438880383968353,211.76985016837716,8171400704.0,11270094848.0
dynunet-rotation-seed0,dynunet,current,6,600,22.950618412345648,9.015202522277832e-06,0.5115147456526756,235.21697757020593,8171400704.0,11270094848.0
dynunet-rotation-seed0,dynunet,current,7,700,22.95725617185235,2.4400651454925537e-06,0.5776132941246033,258.6973097734153,8171400704.0,11270094848.0
dynunet-rotation-seed0,dynunet,current,8,800,22.820146173238754,3.4980475902557373e-06,0.4564086049795151,282.0979592166841,8171400704.0,11270094848.0
dynunet-rotation-seed0,dynunet,current,9,900,22.86032898724079,3.6731362342834473e-06,0.4854610785841942,305.4169589281082,8171400704.0,11270094848.0
dynunet-rotation-seed0,dynunet,current,10,1000,22.7938464730978,68.44389654323459,0.5387536734342575,397.14236337319016,8171400704.0,11270094848.0
dynunet-rotation-seed0,dynunet,current,11,1100,22.769235644489527,3.300607204437256e-06,0.43988431617617607,420.4550822041929,8171400704.0,11270094848.0
dynunet-rotation-seed0,dynunet,current,12,1200,22.746774572879076,9.201467037200928e-07,0.45966600626707077,443.6435350589454,8171400704.0,11270094848.0
dynunet-rotation-seed0,dynunet,current,13,1300,22.964807253330946,1.3299286365509033e-05,0.46472571045160294,467.0703014805913,8171400704.0,11270094848.0
dynunet-rotation-seed0,dynunet,current,14,1400,22.89446857944131,3.390014171600342e-06,0.46585073694586754,490.43158070743084,8171400704.0,11270094848.0
dynunet-rotation-seed0,dynunet,current,15,1500,22.841881684958935,1.4528632164001465e-06,0.4652368538081646,513.7413178160787,8171400704.0,11270094848.0
dynunet-rotation-seed0,dynunet,current,16,1600,22.93070975318551,4.246830940246582e-06,0.4670742526650429,537.1396585069597,8171400704.0,11270094848.0
dynunet-rotation-seed0,dynunet,current,17,1700,22.860727440565825,3.118067979812622e-06,0.4671855643391609,560.4698109813035,8171400704.0,11270094848.0
dynunet-rotation-seed0,dynunet,current,18,1800,22.757523261010647,3.6992132663726807e-06,0.44917628541588783,583.6966097168624,8171400704.0,11270094848.0
dynunet-rotation-seed0,dynunet,current,19,1900,22.89083568751812,3.6694109439849854e-06,0.4748953767120838,607.0388079211116,8171400704.0,11270094848.0
dynunet-rotation-seed0,dynunet,current,20,2000,22.84393074735999,69.36314785480499,0.4810567758977413,699.7229894809425,8171400704.0,11270094848.0
dynunet-rotation-seed0,dynunet,current,21,2100,23.239663690328598,2.909451723098755e-06,0.4306624233722687,723.4485349133611,8171400704.0,11270094848.0
dynunet-rotation-seed0,dynunet,current,22,2200,23.133611917495728,2.291053533554077e-06,0.4506527818739414,747.0146090053022,8171400704.0,11270094848.0
dynunet-rotation-seed0,dynunet,current,23,2300,22.969928827136755,7.3462724685668945e-06,0.48220208659768105,770.437480237335,8171400704.0,11270094848.0
dynunet-rotation-seed0,dynunet,current,24,2400,22.81010138615966,3.4011900424957275e-06,0.46538563072681427,793.7319031432271,8171400704.0,11270094848.0
dynunet-rotation-seed0,dynunet,current,25,2500,22.821738824248314,4.872679710388184e-06,0.506976492702961,817.0214047841728,8171400704.0,11270094848.0
dynunet-rotation-seed0,dynunet,current,26,2600,23.049134992063046,7.711350917816162e-07,0.46409695595502853,840.5803234390914,8171400704.0,11270094848.0
dynunet-rotation-seed0,dynunet,current,27,2700,23.030908916145563,4.1387975215911865e-06,0.5073625817894936,864.0775628611445,8171400704.0,11270094848.0
dynunet-rotation-seed0,dynunet,current,28,2800,22.920037105679512,3.0621886253356934e-06,0.46109653636813164,887.507361639291,8171400704.0,11270094848.0
dynunet-rotation-seed0,dynunet,current,29,2900,23.03500982001424,6.284564733505249e-06,0.5161368548870087,911.0057808160782,8171400704.0,11270094848.0
dynunet-rotation-seed0,dynunet,current,30,3000,22.83725892007351,71.581269569695,0.5012985952198505,1005.942607305944,8171400704.0,11270094848.0
dynunet-rotation-seed0,dynunet,current,31,3100,22.82377288863063,3.1888484954833984e-06,0.4240485802292824,1029.2726147174835,8171400704.0,11270094848.0
dynunet-rotation-seed0,dynunet,current,32,3200,22.91421588510275,2.868473529815674e-06,0.4473996125161648,1052.61271719262,8171400704.0,11270094848.0
dynunet-rotation-seed0,dynunet,current,33,3300,22.91561744734645,7.599592208862305e-07,0.46062009409070015,1075.9779138751328,8171400704.0,11270094848.0
dynunet-rotation-seed0,dynunet,current,34,3400,22.877303417772055,3.3043324947357178e-06,0.46389085054397583,1099.317966118455,8171400704.0,11270094848.0
dynunet-rotation-seed0,dynunet,current,35,3500,22.814886402338743,8.27014446258545e-06,0.45008091628551483,1122.5990386493504,8171400704.0,11270094848.0
dynunet-rotation-seed0,dynunet,current,36,3600,22.830892469733953,3.2670795917510986e-06,0.4637082889676094,1145.8821615502238,8171400704.0,11270094848.0
dynunet-rotation-seed0,dynunet,current,37,3700,22.937611412256956,7.674098014831543e-07,0.4653252698481083,1169.2858341783285,8171400704.0,11270094848.0
dynunet-rotation-seed0,dynunet,current,38,3800,22.780799005180597,3.2298266887664795e-06,0.46405328437685966,1192.53410281986,8171400704.0,11270094848.0
dynunet-rotation-seed0,dynunet,current,39,3900,23.124174878001213,7.6107680797576904e-06,0.46689899265766144,1216.124610606581,8171400704.0,11270094848.0
dynunet-rotation-seed0,dynunet,current,40,4000,22.865220986306667,70.1440383605659,0.4777214527130127,1309.602959882468,8171400704.0,11270094848.0
dynunet-rotation-seed0,dynunet,current,41,4100,22.696469198912382,3.2670795917510986e-06,0.43886464834213257,1332.7817044518888,8171400704.0,11270094848.0
dynunet-rotation-seed0,dynunet,current,42,4200,22.957264114171267,5.822628736495972e-06,0.45214253664016724,1356.1797113083303,8171400704.0,11270094848.0
dynunet-rotation-seed0,dynunet,current,43,4300,22.921236358582973,8.605420589447021e-07,0.4642900228500366,1379.5553853921592,8171400704.0,11270094848.0
dynunet-rotation-seed0,dynunet,current,44,4400,22.893242806196213,3.028661012649536e-06,0.5134006068110466,1402.9150276593864,8171400704.0,11270094848.0
dynunet-rotation-seed0,dynunet,current,45,4500,22.999638706445694,3.1813979148864746e-06,0.45522889122366905,1426.4301626868546,8171400704.0,11270094848.0
dynunet-rotation-seed0,dynunet,current,46,4600,22.851450361311436,6.202608346939087e-06,0.4490792788565159,1449.7390229441226,8171400704.0,11270094848.0
dynunet-rotation-seed0,dynunet,current,47,4700,22.973290659487247,8.67992639541626e-07,0.45176440849900246,1473.1666106060147,8171400704.0,11270094848.0
dynunet-rotation-seed0,dynunet,current,48,4800,22.994426991790533,1.2736767530441284e-05,0.4658254459500313,1496.6151373386383,8171400704.0,11270094848.0
dynunet-rotation-seed0,dynunet,current,49,4900,22.97827396169305,3.5278499126434326e-06,0.4515071101486683,1520.0613886266947,8171400704.0,11270094848.0
dynunet-rotation-seed0,dynunet,current,50,5000,22.812587540596724,71.58744841814041,0.4518287107348442,1614.9153241179883,8171400704.0,11270094848.0
dynunet-rotation-seed0,dynunet,current,51,5100,22.78225038573146,2.7604401111602783e-06,0.45066485553979874,1638.1540270410478,8171400704.0,11270094848.0
dynunet-rotation-seed0,dynunet,current,52,5200,22.88836770877242,2.9280781745910645e-06,0.4491364248096943,1661.49523877725,8171400704.0,11270094848.0
dynunet-rotation-seed0,dynunet,current,53,5300,22.85920922458172,4.772096872329712e-06,0.46555306389927864,1684.8056011982262,8171400704.0,11270094848.0
dynunet-rotation-seed0,dynunet,current,54,5400,22.847541984170675,7.078051567077637e-07,0.46276475116610527,1708.1208768226206,8171400704.0,11270094848.0
dynunet-rotation-seed0,dynunet,current,55,5500,22.80238777771592,3.6619603633880615e-06,0.46345334872603416,1731.3882572874427,8171400704.0,11270094848.0
dynunet-rotation-seed0,dynunet,current,56,5600,23.039073418825865,3.259629011154175e-06,0.46332837641239166,1754.8928886801004,8171400704.0,11270094848.0
dynunet-intensity-seed0,dynunet,current,1,100,23.458633936941624,93.76616863161325,0.4796282798051834,117.22484013438225,8171400704.0,11270094848.0
dynunet-intensity-seed0,dynunet,current,2,200,22.83459736406803,1.7583370208740234e-06,0.5177668817341328,140.54323882982135,8171400704.0,11270094848.0
dynunet-intensity-seed0,dynunet,current,3,300,22.843847665935755,8.791685104370117e-07,0.5507081337273121,163.91170965135098,8171400704.0,11270094848.0
dynunet-intensity-seed0,dynunet,current,4,400,23.017827313393354,8.381903171539307e-07,0.5453982874751091,187.48236783593893,8171400704.0,11270094848.0
dynunet-intensity-seed0,dynunet,current,5,500,22.87346538156271,6.537884473800659e-06,0.512771263718605,210.90357492491603,8171400704.0,11270094848.0
dynunet-intensity-seed0,dynunet,current,6,600,22.88335892558098,1.0579824447631836e-06,0.5376534014940262,234.3021381907165,8171400704.0,11270094848.0
dynunet-intensity-seed0,dynunet,current,7,700,22.8798841945827,8.31112265586853e-06,0.48635265603661537,257.76527424529195,8171400704.0,11270094848.0
dynunet-intensity-seed0,dynunet,current,8,800,22.891056690365076,9.126961231231689e-07,0.4749847948551178,281.1451055817306,8171400704.0,11270094848.0
dynunet-intensity-seed0,dynunet,current,9,900,22.898205418139696,8.493661880493164e-07,0.5143576338887215,304.52060443535447,8171400704.0,11270094848.0
dynunet-intensity-seed0,dynunet,current,10,1000,22.899583999067545,70.7494637221098,0.5249474085867405,398.686200812459,8171400704.0,11270094848.0
dynunet-intensity-seed0,dynunet,current,11,1100,22.829326320439577,1.039355993270874e-06,0.44110703095793724,422.051348336041,8171400704.0,11270094848.0
dynunet-intensity-seed0,dynunet,current,12,1200,22.85733886063099,8.605420589447021e-07,0.4482879266142845,445.35183419659734,8171400704.0,11270094848.0
dynunet-intensity-seed0,dynunet,current,13,1300,22.86226226761937,7.7858567237854e-07,0.46790726855397224,468.6645255163312,8171400704.0,11270094848.0
dynunet-intensity-seed0,dynunet,current,14,1400,22.874785516411066,9.387731552124023e-07,0.4551418647170067,492.0092685483396,8171400704.0,11270094848.0
dynunet-intensity-seed0,dynunet,current,15,1500,22.876360096037388,8.791685104370117e-07,0.4670571982860565,515.3427204154432,8171400704.0,11270094848.0
dynunet-intensity-seed0,dynunet,current,16,1600,22.88263600319624,7.428228855133057e-06,0.4706151932477951,538.6948019340634,8171400704.0,11270094848.0
dynunet-intensity-seed0,dynunet,current,17,1700,22.88699161633849,7.525086402893066e-07,0.474251925945282,562.0548347495496,8171400704.0,11270094848.0
dynunet-intensity-seed0,dynunet,current,18,1800,22.881572663784027,6.601214408874512e-06,0.5236112847924232,585.4129461422563,8171400704.0,11270094848.0
dynunet-intensity-seed0,dynunet,current,19,1900,22.879901487380266,1.2606382369995117e-05,0.4651878885924816,608.8188409619033,8171400704.0,11270094848.0
dynunet-intensity-seed0,dynunet,current,20,2000,22.88363630324602,70.62906992435455,0.507242426276207,702.7990482859313,8171400704.0,11270094848.0
dynunet-intensity-seed0,dynunet,current,21,2100,22.990650843828917,9.499490261077881e-07,0.41999511420726776,726.3020210303366,8171400704.0,11270094848.0
dynunet-intensity-seed0,dynunet,current,22,2200,22.848761845380068,9.611248970031738e-07,0.4687422513961792,749.572698533535,8171400704.0,11270094848.0
dynunet-intensity-seed0,dynunet,current,23,2300,22.875714100897312,6.817281246185303e-07,0.4565601274371147,772.9197752438486,8171400704.0,11270094848.0
dynunet-intensity-seed0,dynunet,current,24,2400,22.895789608359337,7.599592208862305e-07,0.47096990793943405,796.274104077369,8171400704.0,11270094848.0
dynunet-intensity-seed0,dynunet,current,25,2500,22.896850667893887,8.605420589447021e-07,0.4524298347532749,819.6442656293511,8171400704.0,11270094848.0
dynunet-intensity-seed0,dynunet,current,26,2600,22.88938769325614,8.940696716308594e-07,0.4530201070010662,842.9883470200002,8171400704.0,11270094848.0
dynunet-intensity-seed0,dynunet,current,27,2700,22.886750873178244,9.126961231231689e-07,0.4519548937678337,866.3301253654063,8171400704.0,11270094848.0
dynunet-intensity-seed0,dynunet,current,28,2800,22.875719115138054,8.530914783477783e-07,0.4512765146791935,889.6597712412477,8171400704.0,11270094848.0
dynunet-intensity-seed0,dynunet,current,29,2900,22.88205150142312,6.631016731262207e-07,0.4575592651963234,912.9953387528658,8171400704.0,11270094848.0
dynunet-intensity-seed0,dynunet,current,30,3000,22.871298260986805,81.29438187927008,0.49338435009121895,1017.620886888355,8171400704.0,11270094848.0
dynunet-intensity-seed0,dynunet,current,31,3100,22.835554465651512,2.7976930141448975e-06,0.42501191422343254,1040.9547872841358,8171400704.0,11270094848.0
dynunet-intensity-seed0,dynunet,current,32,3200,22.84787466749549,7.897615432739258e-07,0.4849066250026226,1064.2295632325113,8171400704.0,11270094848.0
dynunet-intensity-seed0,dynunet,current,33,3300,22.866004161536694,6.407499313354492e-07,0.45474014803767204,1087.5827393718064,8171400704.0,11270094848.0
dynunet-intensity-seed0,dynunet,current,34,3400,22.880251575261354,9.126961231231689e-07,0.45385929197072983,1110.9202298037708,8171400704.0,11270094848.0
dynunet-intensity-seed0,dynunet,current,35,3500,22.88839015364647,1.0691583156585693e-06,0.45632777735590935,1134.2645480446517,8171400704.0,11270094848.0
dynunet-intensity-seed0,dynunet,current,36,3600,22.892660450190306,7.934868335723877e-07,0.4480915889143944,1157.6157213523984,8171400704.0,11270094848.0
dynunet-intensity-seed0,dynunet,current,37,3700,22.900533363223076,7.003545761108398e-07,0.4651194252073765,1180.9663722738624,8171400704.0,11270094848.0
dynunet-intensity-seed0,dynunet,current,38,3800,22.89792674034834,7.674098014831543e-07,0.456210907548666,1204.3315791636705,8171400704.0,11270094848.0
dynunet-intensity-seed0,dynunet,current,39,3900,22.92745667695999,9.350478649139404e-07,0.4553201422095299,1227.717511434108,8171400704.0,11270094848.0
dynunet-intensity-seed0,dynunet,current,40,4000,22.895967461168766,74.17087453231215,0.4491075426340103,1325.241759851575,8171400704.0,11270094848.0
dynunet-intensity-seed0,dynunet,current,41,4100,22.85727420449257,9.275972843170166e-07,0.48368775472044945,1348.552847072482,8171400704.0,11270094848.0
dynunet-intensity-seed0,dynunet,current,42,4200,22.849445153027773,5.7034194469451904e-06,0.4591056928038597,1371.8882906660438,8171400704.0,11270094848.0
dynunet-intensity-seed0,dynunet,current,43,4300,22.873134415596724,9.126961231231689e-07,0.4570400230586529,1395.2228131741285,8171400704.0,11270094848.0
dynunet-intensity-seed0,dynunet,current,44,4400,22.888082280755043,6.780028343200684e-07,0.45829029753804207,1418.5701338537037,8171400704.0,11270094848.0
dynunet-intensity-seed0,dynunet,current,45,4500,22.878189083188772,6.966292858123779e-07,0.45280780643224716,1441.909275945276,8171400704.0,11270094848.0
dynunet-intensity-seed0,dynunet,current,46,4600,22.883130755275488,7.078051567077637e-07,0.46672381088137627,1465.247402973473,8171400704.0,11270094848.0
dynunet-intensity-seed0,dynunet,current,47,4700,22.88542740419507,1.4007091522216797e-06,0.4700937718153,1488.601923506707,8171400704.0,11270094848.0
dynunet-intensity-seed0,dynunet,current,48,4800,22.896818548440933,1.3299286365509033e-06,0.4728441759943962,1511.9713673964143,8171400704.0,11270094848.0
dynunet-intensity-seed0,dynunet,current,49,4900,22.893624529242516,8.158385753631592e-07,0.45395205542445183,1535.3404450081289,8171400704.0,11270094848.0
dynunet-intensity-seed0,dynunet,current,50,5000,22.888807527720928,69.43995841220021,0.4813443496823311,1628.125353179872,8171400704.0,11270094848.0
dynunet-intensity-seed0,dynunet,current,51,5100,22.839077070355415,9.08970832824707e-07,0.4716443382203579,1651.4502744600177,8171400704.0,11270094848.0
dynunet-intensity-seed0,dynunet,current,52,5200,22.840190041810274,7.897615432739258e-07,0.47879238054156303,1674.7647171653807,8171400704.0,11270094848.0
dynunet-intensity-seed0,dynunet,current,53,5300,22.87192663177848,8.791685104370117e-07,0.4629056379199028,1698.1175515018404,8171400704.0,11270094848.0
dynunet-intensity-seed0,dynunet,current,54,5400,22.891650035977364,5.997717380523682e-07,0.454251516610384,1721.474250625819,8171400704.0,11270094848.0
dynunet-intensity-seed0,dynunet,current,55,5500,22.892512436956167,7.37607479095459e-07,0.4603387862443924,1744.8230526596308,8171400704.0,11270094848.0
