id,model,status,stage,gpu,completed_steps,budget_steps,validated_step,interim_mass_dice,final_mass_dice,final_pancreas_dice,screening_rank,finished_stage_gpu_hours,peak_allocated_bytes,interim_pancreas_dice,validation_cases,expected_validation_cases,final_cases,parameters,peak_reserved_bytes,prediction_complete,prediction_pipeline_wall_seconds,prediction_scans_per_second,prediction_case_p50_seconds,prediction_case_p95_seconds,prediction_peak_reserved_bytes,model_only_patches_per_second,model_only_p50_ms,model_only_p95_ms,patient_sensitivity,tumor_sensitivity,specificity,auc,code_fingerprint,runtime_fingerprint,continuation_action
dynunet-control10k-seed0,dynunet,completed,,1,10000,10000,10000,0.2985828250356692,0.3298359547409563,0.7558945692980761,,0.9071675333711836,8171400704,0.7607042808516026,42,42,42,16543683,11270094848,True,122.36786253377795,0.3432273730237503,8.491873644292355,13.017098038457329,4808769536.0,,,,,,,,e18d505407be7814a57b852ecf0ce5ac8553a9b30d875a7d0485b536f2db738b,4207e46bdabf6d35ad563ca9234bf6be85906a7a707d7d9fc9c33178bb655874,
dynunet-deep10k-seed0,dynunet,completed,,2,10000,10000,10000,0.30486665044025374,0.3068775868585889,0.7407264999464717,,0.9202706296576394,8311522816,0.7470600152702227,42,42,42,16544265,11723079680,True,112.8454484269023,0.3721904656810883,8.209028273820877,9.806053071096539,4808769536.0,,,,,,,,e18d505407be7814a57b852ecf0ce5ac8553a9b30d875a7d0485b536f2db738b,4207e46bdabf6d35ad563ca9234bf6be85906a7a707d7d9fc9c33178bb655874,
dynunet-focal05-seed0,dynunet,completed,,3,10000,10000,10000,0.2942079124940922,0.31713298439711396,0.7227777122715583,,0.9107987376716402,8171400704,0.7437897755513098,42,42,42,16543683,11270094848,True,115.14004385098815,0.3647731805135972,8.419843500480056,9.98532212395221,4808769536.0,,,,,,,,e18d505407be7814a57b852ecf0ce5ac8553a9b30d875a7d0485b536f2db738b,4207e46bdabf6d35ad563ca9234bf6be85906a7a707d7d9fc9c33178bb655874,
dynunet-focal10-seed0,dynunet,completed,,4,10000,10000,10000,0.3093773522634348,0.3238386434772669,0.7184810275073324,,0.9122721490595076,8171400704,0.7555067503963357,42,42,42,16543683,11270094848,True,118.34862814843655,0.35488370805044134,8.380167622119188,10.868336530402303,4808769536.0,,,,,,,,e18d505407be7814a57b852ecf0ce5ac8553a9b30d875a7d0485b536f2db738b,4207e46bdabf6d35ad563ca9234bf6be85906a7a707d7d9fc9c33178bb655874,
dynunet-window-seed0,dynunet,completed,,5,10000,10000,10000,0.28857906175294473,0.29526635478318514,0.711039487879671,,0.9137105522553126,8171400704,0.7341487476639905,42,42,42,16543683,11270094848,True,119.62654247879982,0.35109265159480163,8.652124581858516,10.06871351916343,4808769536.0,,,,,,,,e18d505407be7814a57b852ecf0ce5ac8553a9b30d875a7d0485b536f2db738b,4207e46bdabf6d35ad563ca9234bf6be85906a7a707d7d9fc9c33178bb655874,
dynunet-minmax-seed0,dynunet,completed,,6,10000,10000,10000,0.29784010751299234,0.3066567824361138,0.7045251311830885,,0.9142971407704884,8171400704,0.7491856800613794,42,42,42,16543683,11270094848,True,120.95198102295399,0.3472452426556729,8.690506121143699,10.095288570597768,4808769536.0,,,,,,,,e18d505407be7814a57b852ecf0ce5ac8553a9b30d875a7d0485b536f2db738b,4207e46bdabf6d35ad563ca9234bf6be85906a7a707d7d9fc9c33178bb655874,
dynunet-isotropic-seed0,dynunet,completed,,7,10000,10000,10000,0.3093328566076813,0.34834083519566345,0.7568968848997732,,1.4087767654657364,13458820608,0.7605702269896895,42,42,42,16543683,18698207232,True,121.88937095925212,0.3445747538892517,8.61805753596127,11.161776373162866,7952400384.0,,,,,,,,e18d505407be7814a57b852ecf0ce5ac8553a9b30d875a7d0485b536f2db738b,4207e46bdabf6d35ad563ca9234bf6be85906a7a707d7d9fc9c33178bb655874,
swin_unetr-swin24-seed0,swin_unetr,completed,,8,10000,10000,10000,0.22695677229620057,0.24460102081614007,0.7045156493099085,,2.0450798941320842,26511265280,0.7166050916412713,42,42,42,15703029,40118517760,True,119.86197251453996,0.35040304375856285,8.384644120931625,10.366979050263762,10773069824.0,,,,,,,,e18d505407be7814a57b852ecf0ce5ac8553a9b30d875a7d0485b536f2db738b,4207e46bdabf6d35ad563ca9234bf6be85906a7a707d7d9fc9c33178bb655874,
swin_unetr-swin48-seed0,swin_unetr,running,train,1,6000,10000,6000,0.27862337629831274,,,,0,18063861760,0.6923095477918196,42,42,,62186757,28611444736,False,,,,,,,,,,,,,e18d505407be7814a57b852ecf0ce5ac8553a9b30d875a7d0485b536f2db738b,4207e46bdabf6d35ad563ca9234bf6be85906a7a707d7d9fc9c33178bb655874,
