Model,Initialization path,Seed,Status,Steps,Best step,Mud IoU (%),Mud precision (%),Mud recall (%),"Final mud IoU (trainer val, %)",mIoU (%),Fixed GT-class mIoU (%)
eomt_large,rtis_only,0,completed,3185,3185,92.45,96.68,95.49,92.46,70.34,70.34
eomt_large,cityscapes_to_rtis,0,completed,3451,2123,92.67,96.41,95.99,92.61,70.96,70.96
eomt_large,railsem19_to_rtis,0,completed,4000,3981,94.97,97.83,97.02,94.98,72.83,72.83
eomt_large,cityscapes_to_railsem19_to_rtis,0,completed,4000,3981,93.50,97.03,96.25,93.50,72.23,72.23
eomt_dinov3_large,rtis_only,0,completed,4000,3981,90.84,95.71,94.70,90.84,68.28,68.28
eomt_dinov3_large,cityscapes_to_rtis,0,completed,2389,1061,85.79,95.07,89.78,85.45,65.86,65.86
eomt_dinov3_large,railsem19_to_rtis,0,completed,2919,1592,89.87,94.82,94.50,89.83,70.63,70.63
eomt_dinov3_large,cityscapes_to_railsem19_to_rtis,0,completed,3451,3185,89.07,94.39,94.04,89.06,70.22,70.22
segformer_b5,rtis_only,0,completed,3185,1857,93.08,95.74,97.10,92.54,59.13,59.13
segformer_b5,cityscapes_to_rtis,0,completed,3981,2919,91.35,95.44,95.51,89.86,59.12,59.12
segformer_b5,railsem19_to_rtis,0,completed,3185,1857,90.39,94.08,95.84,89.77,69.54,69.54
segformer_b5,cityscapes_to_railsem19_to_rtis,0,completed,4000,2919,91.25,96.50,94.37,89.81,65.09,65.09
hrnet_w48_ocr,rtis_only,0,completed,3716,2654,90.85,96.91,93.56,88.49,59.83,59.83
hrnet_w48_ocr,cityscapes_to_rtis,0,completed,3716,2389,85.83,91.81,92.94,72.49,56.91,56.91
hrnet_w48_ocr,railsem19_to_rtis,0,completed,2919,1592,76.66,95.66,79.43,69.22,61.08,61.08
hrnet_w48_ocr,cityscapes_to_railsem19_to_rtis,0,completed,2389,1061,75.49,88.69,83.52,72.01,55.44,55.44
segformer_b2,rtis_only,0,completed,4000,2919,93.13,96.81,96.08,92.88,58.23,58.23
segformer_b2,cityscapes_to_rtis,0,completed,2123,796,87.30,93.26,93.18,86.68,54.16,54.16
segformer_b2,railsem19_to_rtis,0,completed,4000,2919,93.22,96.72,96.26,92.85,66.39,66.39
segformer_b2,cityscapes_to_railsem19_to_rtis,0,completed,4000,2919,89.21,94.69,93.91,86.79,64.37,64.37
upernet_convnext,rtis_only,0,completed,3185,1857,91.65,95.95,95.35,87.17,61.49,61.49
upernet_convnext,cityscapes_to_rtis,0,completed,4000,3981,89.16,93.30,95.27,88.59,62.64,62.64
upernet_convnext,railsem19_to_rtis,0,completed,2123,796,88.32,93.25,94.36,85.33,66.09,66.09
upernet_convnext,cityscapes_to_railsem19_to_rtis,0,completed,3451,2123,92.59,96.44,95.87,89.90,67.21,67.21
smp_deeplabv3plus_resnet101,rtis_only,0,completed,1857,530,85.86,93.22,91.58,46.35,41.30,41.30
smp_deeplabv3plus_resnet101,cityscapes_to_rtis,0,completed,3981,2654,89.63,95.62,93.47,89.00,55.72,55.72
smp_deeplabv3plus_resnet101,railsem19_to_rtis,0,completed,4000,3981,87.68,96.52,90.55,83.79,62.36,62.36
smp_deeplabv3plus_resnet101,cityscapes_to_railsem19_to_rtis,0,completed,2123,1592,85.44,92.19,92.12,84.08,56.87,56.87
smp_fpn_resnet50,rtis_only,0,completed,2389,1061,89.18,96.01,92.61,85.42,52.46,52.46
smp_fpn_resnet50,cityscapes_to_rtis,0,completed,3716,2389,85.25,97.64,87.04,79.54,55.53,55.53
smp_fpn_resnet50,railsem19_to_rtis,0,completed,3451,2123,89.90,96.20,93.21,85.31,60.28,60.28
smp_fpn_resnet50,cityscapes_to_railsem19_to_rtis,0,completed,3451,2123,74.01,96.35,76.15,71.50,56.97,56.97
smp_upernet_resnet101,rtis_only,0,completed,4000,2919,87.53,93.30,93.40,88.47,54.81,54.81
smp_upernet_resnet101,cityscapes_to_rtis,0,completed,2123,796,85.16,92.77,91.22,67.10,49.42,49.42
smp_upernet_resnet101,railsem19_to_rtis,0,completed,2654,1327,86.04,90.73,94.33,67.97,57.42,57.42
smp_upernet_resnet101,cityscapes_to_railsem19_to_rtis,0,completed,2654,1327,87.65,91.57,95.34,74.91,55.50,55.50
native_convnext_tiny_uper,rtis_only,0,completed,2389,1061,88.84,93.81,94.37,85.34,60.47,60.47
native_convnext_tiny_uper,cityscapes_to_rtis,0,completed,2654,1327,89.42,94.94,93.89,89.22,60.45,60.45
native_convnext_tiny_uper,railsem19_to_rtis,0,completed,2389,1061,88.43,96.93,90.98,87.23,64.07,64.07
native_convnext_tiny_uper,cityscapes_to_railsem19_to_rtis,0,completed,2654,1327,90.47,96.62,93.43,89.73,64.19,64.19
